date,home_team,away_team,result,home_goals,away_goals,model_p_home,model_p_draw,model_p_away,model_brier,model_log_loss,pinnacle_p_home,pinnacle_p_draw,pinnacle_p_away,pinnacle_brier,pinnacle_log_loss,brier_diff,log_loss_diff,disagreement,uses_fallback_rating
2025-08-15,Liverpool,Bournemouth,H,4,2,0.6488517178588346,0.1920232655029094,0.1591243028942058,0.18549859431665933,0.43255106625854073,0.7523015213895712,0.1481632003958087,0.09953527821462019,0.09321414186671147,0.28461807610035195,0.09228445244994786,0.14793299015818878,0.10344944665871147,False
2025-08-16,Aston Villa,Newcastle,D,0,0,0.35727296596742186,0.23594301022549566,0.40678399111058516,0.8769002712582922,1.4441649852133802,0.41756812961582124,0.26687549881782513,0.3155563715663535,0.8114105007405906,1.3209730258943901,0.06548977051770155,0.12319195931899007,0.09122763589248024,False
2025-08-16,Brighton,Fulham,D,1,1,0.459081630008761,0.23401848307414486,0.30689983837051926,0.8916711380753859,1.452355179247438,0.5065243179122183,0.265717674970344,0.2277580071174377,0.8476111272935021,1.3253209061468156,0.04406001078188382,0.12703427310062243,0.07914185552636899,False
2025-08-16,Sunderland,West Ham,H,3,0,0.2360667252357273,0.2401933567260643,0.5237398816919885,0.915590360582138,1.4436407798685742,0.27428089800414773,0.30052382343047046,0.4251952785653818,0.7977738083652274,1.2936025225296686,0.11781655221691067,0.15003825733890563,0.09854462129971664,True
2025-08-16,Tottenham,Burnley,H,3,0,0.6457201927156228,0.18307733056230271,0.17120076747060287,0.18834119359779755,0.43738900724209606,0.6233386496544391,0.2315257841573631,0.14513556618819776,0.216542294146592,0.47266532898059604,-0.02820110054879446,-0.03527632173849998,0.04844759896932459,False
2025-08-16,Wolves,Man City,A,0,4,0.1472017301294499,0.1897317887842846,0.6630657824767894,0.171191167966366,0.41088107429619075,0.15587226503521526,0.20628201883383807,0.6378457161309466,0.1980041596260792,0.44965884912771004,-0.02681299165971321,-0.038777774831519285,0.02522041565058078,False
2025-08-17,Chelsea,Crystal Palace,D,0,0,0.48723935203336477,0.24860499331130675,0.26415563618340016,0.8717748423740513,1.3918900143819533,0.5550739973039179,0.236921828117526,0.208004174578556,0.9336611755285548,1.4400250314224652,-0.061886333154503426,-0.04813501704051193,0.06783463603458904,False
2025-08-17,Nott'm Forest,Brentford,H,3,1,0.37908628197099203,0.2467687154867179,0.37414498993261014,0.586413117671244,0.9699914428940677,0.44592835760459304,0.28846404141780796,0.2656076009775991,0.46075428579491406,0.8075969730385212,0.12565883187632998,0.1623944698555465,0.10853739525985105,False
2025-08-17,Man United,Arsenal,A,0,1,0.17865423873647113,0.23438845979808687,0.5869572553261476,0.2574595960327366,0.5328032806706288,0.25284191587383803,0.26170160564839295,0.48545647847776896,0.39717180036219857,0.72266563795115,-0.13971220432946196,-0.18986235728052125,0.10150079991802582,False
2025-08-18,Leeds,Everton,H,1,0,0.29626581556847986,0.26896240900957086,0.43477177210381435,0.7566090736160196,1.2164982020726076,0.4122020226342403,0.29478690103539607,0.2930110763303636,0.5182612700696088,0.886241703613411,0.23834780354641083,0.3302564984591966,0.14176069743251818,False
2025-08-22,West Ham,Chelsea,A,1,5,0.2654357965796916,0.23799545557143031,0.4965687067218566,0.3805410660302521,0.7000334229522889,0.18775206102913783,0.2344633225895272,0.5777846163813348,0.2684897162246664,0.5485541157742652,0.11205134980558573,0.15147930717802371,0.08121588909596754,False
2025-08-23,Man City,Tottenham,A,0,2,0.6954829865040687,0.16544654168537787,0.13906664576550537,1.2522753831057278,1.9728019948196232,0.6430651271835668,0.19696315254506813,0.15997172027136503,1.1579747520039585,1.832758227674101,0.09430063110176934,0.14004376714552214,0.05241977234302592,False
2025-08-23,Bournemouth,Wolves,H,1,0,0.49739465981818415,0.24131992408498143,0.26128538386393707,0.37911748556058494,0.6983714838622953,0.5373945002851547,0.25069176430828094,0.21191373540656427,0.3217576403123838,0.6210228167847197,0.05735984524820115,0.0773486670775756,0.04937166457382142,False
2025-08-23,Brentford,Aston Villa,H,1,0,0.3975261184814108,0.23975406392084428,0.36271979443757896,0.5520224383554749,0.9224946401748787,0.295675725813932,0.2795325108988035,0.4247917632872647,0.7546591500138248,1.2184919460786046,-0.20263671165834984,-0.29599730590372586,0.10185040424756188,False
2025-08-23,Burnley,Sunderland,H,2,0,0.5035342650408522,0.24594375929813697,0.2505219522012954,0.3697278072609749,0.6861035154333044,0.4142655583956767,0.30517995681186216,0.28055448479246115,0.5149304610583818,0.8812480653948057,-0.14520265379740693,-0.19514454996150132,0.08926871837503321,True
2025-08-23,Arsenal,Leeds,H,5,0,0.8257588286758283,0.11419770440240642,0.06002811779651209,0.04700447640139069,0.19145252306287977,0.7248552578430052,0.17501009829002293,0.10013464386697188,0.11636011054248793,0.3217832884135249,-0.06935563414109724,-0.1303307653506451,0.10091124539544968,False
2025-08-24,Crystal Palace,Nott'm Forest,D,1,1,0.42978649101223665,0.2607618882185575,0.30945161520877396,0.8269497159221229,1.3441475937395697,0.39728479217045254,0.29949161255926426,0.3032235952702831,0.740491755693376,1.205668866629245,0.08645796022874686,0.13847872711032472,0.03872972156049087,False
2025-08-24,Everton,Brighton,H,2,0,0.347313118451024,0.27488274980093913,0.37780413028476495,0.6442966523444803,1.057528547267609,0.3099136851215013,0.2896217176433078,0.40046459723519096,0.72047175495199,1.1714614553651235,-0.0761751026075097,-0.11393290809751444,0.0373994340611587,False
2025-08-24,Fulham,Man United,D,1,1,0.42204467192859063,0.26156131290766055,0.3163940102061108,0.8235185693922742,1.3410865567739774,0.27542690409907583,0.2785836594469162,0.44598943645400807,0.7952080933471681,1.2780368717366064,0.02831047604510606,0.06304968503737096,0.14661777030833387,False
2025-08-25,Newcastle,Liverpool,A,2,3,0.34513008376295456,0.22634576084453367,0.42852407559339356,0.4969319103469002,0.8474083567737862,0.3275904303094635,0.2601453417163387,0.4122642279741978,0.5204244265658158,0.8860908051623715,-0.02349251621891557,-0.038682448388585255,0.03379954097224591,False
2025-08-30,Chelsea,Fulham,H,2,0,0.5087023210321595,0.23864427151964374,0.2526533672838703,0.36215822168820694,0.6758922644900317,0.5797624589357203,0.24387992605104605,0.17635761501323366,0.26717901762357177,0.5451368128907396,0.09497920406463517,0.13075545159929214,0.07629577235279987,False
2025-08-30,Man United,Burnley,H,3,2,0.578941324729578,0.22758164017314617,0.19347695567488543,0.2665171433416036,0.5465541455260139,0.6899353341071133,0.1890233792074283,0.12104128668545845,0.14652092800473404,0.37115740446804546,0.11999621533686955,0.17539674105796843,0.11099396966634004,False
2025-08-30,Sunderland,Brentford,H,2,1,0.15768505057419538,0.19955262888872483,0.6427619165085301,1.1624586070363156,1.847155586119212,0.31563960672648145,0.2954923977864933,0.3888679954870252,0.7068832229451931,1.1531542012859735,0.4555753840911225,0.6940013848332385,0.2538941230357797,True
2025-08-30,Tottenham,Bournemouth,A,0,1,0.44037898634401057,0.22969488415886943,0.329926066310569,0.6956924680321628,1.1088866911057778,0.4932866238198424,0.26193386763479504,0.24477950854536262,0.8822990349666852,1.4073974387701242,-0.18660656693452238,-0.2985107476643465,0.08514658935848189,False
2025-08-30,Wolves,Everton,A,2,3,0.35301070844888044,0.28937955280378724,0.3576097382421802,0.6210223342617807,1.0283130038327064,0.3032618996667787,0.3042095931032374,0.3925285072299838,0.5535328708537725,0.9351461145117873,0.06748946340800821,0.0931668893209191,0.049748809034677766,False
2025-08-30,Leeds,Newcastle,D,0,0,0.1657871642613458,0.17761802630715018,0.6565923804975217,1.1349110486161678,1.7281199540975938,0.3080369279354096,0.2741962513453224,0.417766820719268,0.7962069470269522,1.2939111831898173,0.3387041015892156,0.43420877090777643,0.23882677424524484,False
2025-08-31,Brighton,Man City,H,2,1,0.22157131109294498,0.21206014050929795,0.5663682580135019,0.9716937305916286,1.5070107950669742,0.25775036299276055,0.2563902027658858,0.4858594342413536,0.8527298495530389,1.3557637477727305,0.11896388103858968,0.15124704729424376,0.08050896896427587,False
2025-08-31,Nott'm Forest,West Ham,A,0,3,0.4860967220285166,0.24329948214646957,0.2706037689071975,0.827503523111994,1.3070996353779285,0.5716291707783611,0.24151332465385753,0.18685750456778147,1.0462893127478519,1.6774089602618816,-0.21878578963585782,-0.3703093248839531,0.08553243529093627,False
2025-08-31,Liverpool,Arsenal,H,1,0,0.36473756807127444,0.25065051965748186,0.3846119030051249,0.614310356357788,1.008577175583606,0.4053881055029464,0.27561797541276806,0.3189939190842857,0.5312856938607602,0.9029103855452689,0.08302466249702778,0.10566679003833701,0.06561798855389867,False
2025-08-31,Aston Villa,Crystal Palace,A,0,3,0.46374038048573263,0.24971518351933053,0.2865444207397987,0.7864316769506543,1.2498617086335526,0.4788359697681195,0.2769336235411061,0.24423040669077445,0.8771637959621748,1.4096432095337101,-0.09073211901152045,-0.15978150090015752,0.042314021676593344,False
2025-09-13,Arsenal,Nott'm Forest,H,3,0,0.6732254905085894,0.19691270017951037,0.12986149372029399,0.16242019909660374,0.3956749526934028,0.6966715511827507,0.18777475402972574,0.11555369478752353,0.14062016249185078,0.3614412114488626,0.021800036604752965,0.034233741244540206,0.02344590287835821,False
2025-09-13,Bournemouth,Brighton,H,2,1,0.39457821466967363,0.2413136120111181,0.3641081531134964,0.5573425446581335,0.9299378955601648,0.3940302575984735,0.2749307164599518,0.33103902594157464,0.5523730642557013,0.9313275766976482,0.004969480402432169,-0.0013896811374833895,0.03361709434597783,False
2025-09-13,Crystal Palace,Sunderland,D,0,0,0.6818142231425651,0.19413953537762899,0.12404589888691656,1.1296691083515464,1.6391781239345202,0.571960466286883,0.2619547935026646,0.16608474021045228,0.8994336427595765,1.339583333991408,0.23023546559196995,0.29959478994311217,0.10985392815212672,True
2025-09-13,Everton,Aston Villa,D,0,0,0.313622713975333,0.2866294863176462,0.399747798932355,0.7670549992639414,1.2495648857062538,0.3607143409833021,0.29875114130518887,0.34053451771150905,0.7378285553648032,1.2081443554752993,0.0292264438991382,0.04142053023095449,0.059213281608178875,False
2025-09-13,Fulham,Leeds,H,1,0,0.5930111060545655,0.20579819795413903,0.20119028519940724,0.24847038893471793,0.5225421515686166,0.46093995017284456,0.2877465369422195,0.25131351288493586,0.4365422886004622,0.7744875043988035,-0.18807189966574425,-0.25194535283018693,0.13207136127766506,False
2025-09-13,Newcastle,Wolves,H,1,0,0.6535806604082874,0.18642302896812804,0.15999520729186428,0.1803583709291764,0.42528932521272256,0.708431215158366,0.18664437783980026,0.10492440700183368,0.1308576112579196,0.34470230973262145,0.049500759671256805,0.08058701548010111,0.05507135195589071,False
2025-09-13,West Ham,Tottenham,A,0,3,0.34621947571265066,0.22507181324737158,0.42870862191625203,0.49689908515403025,0.8469777938093879,0.2827895212285456,0.27097380307136404,0.4462366757000903,0.46005053460731543,0.8069058047092061,0.03684855054671482,0.040071989100181726,0.06342999904596788,False
2025-09-13,Brentford,Chelsea,D,2,2,0.3694535083572629,0.24286259787710066,0.38768387622298967,0.8600517284141855,1.4152594363985214,0.23094500066831733,0.25188560953720623,0.5171693897944766,0.8804749122915978,1.3787802249362215,-0.020423183877412265,0.03647921146229982,0.13850851646026904,False
2025-09-14,Burnley,Liverpool,A,0,1,0.10394550906764383,0.15096686492415412,0.7450829080437319,0.09857838693179986,0.29425978082966037,0.10194174757281553,0.16990291262135923,0.7281553398058253,0.11315863889150721,0.3172408746933253,-0.014580251959707344,-0.022981093863664925,0.018933688714970025,False
2025-09-14,Man City,Man United,H,3,0,0.6665646251905357,0.19599544077039774,0.13743955266529392,0.16848299261394653,0.40561818203757694,0.5471161330148421,0.23911001368796805,0.21377385329718995,0.307976655974819,0.6030941901094329,-0.13949366336087246,-0.19747600807185595,0.11944868286258,False
2025-09-20,Liverpool,Everton,H,2,1,0.6343277832318934,0.2181622966112012,0.1475098191735672,0.20307010453139338,0.4551894498954326,0.6301502666020358,0.22055259331071253,0.14929714008725156,0.2077219077488582,0.46179696962162387,-0.004651803217464834,-0.00660751972619128,0.004177567121526671,False
2025-09-20,Brighton,Tottenham,D,2,2,0.46813100848981265,0.21174447600131374,0.32012418827086,0.9429729081402095,1.5523750331512285,0.42641931355096885,0.2599561590631574,0.3136245273858738,0.8278586616558471,1.3472422811722453,0.11511424648436241,0.20513275197898317,0.0482115194428368,False
2025-09-20,Burnley,Nott'm Forest,D,1,1,0.25508701740758205,0.24133625897704158,0.5035766909465741,0.8942295420575481,1.421564052504966,0.2810820785355772,0.28858872158252136,0.4303291998819014,0.7702963622044691,1.2427527131616434,0.12393317985307906,0.1788113393433226,0.07324750739907382,False
2025-09-20,West Ham,Crystal Palace,A,1,2,0.3300160670397182,0.25600039800111524,0.41398352797034393,0.517862113771178,0.8819290934596132,0.2983306085104468,0.28604640698354605,0.4156229845060071,0.5123201951600764,0.8779767168926315,0.005541918611101537,0.0039523765669817745,0.03168546202368269,False
2025-09-20,Wolves,Leeds,A,1,3,0.5116466193460338,0.222027660439369,0.2663255743023077,0.8493567080112436,1.323035755090664,0.34153769559585995,0.3070607042423346,0.3514016001618054,0.6316141578753953,1.0458255495633404,0.2177425501358483,0.27721020552732356,0.1701089967063186,False
2025-09-20,Man United,Chelsea,H,2,1,0.31608808200010735,0.2601299049735576,0.42378200747074646,0.7149942688997799,1.1517343637294737,0.35909157774433365,0.26372308284204454,0.37718533941362176,0.6225822504105285,1.0241778318142458,0.0924120184892514,0.12755653191522787,0.046596670834918974,False
2025-09-20,Fulham,Brentford,H,3,1,0.386198644411483,0.2440960797673943,0.369705260010963,0.573016979559885,0.9514034190625447,0.4444572744101123,0.293181153903056,0.2623615716868318,0.46341650325775324,0.8109013492102322,0.10960047630213171,0.1405020698523125,0.1073436962292111,False
2025-09-21,Bournemouth,Newcastle,D,0,0,0.2947320567392216,0.23694197931757252,0.46832592363836495,0.8884536989492432,1.4399399808246247,0.3860254104276696,0.2819663867471674,0.3320082028251629,0.7748173339999638,1.2659674110804535,0.11363636494927942,0.1739725697441712,0.13631774096562244,False
2025-09-21,Sunderland,Aston Villa,D,1,1,0.14273689609143014,0.196378462504514,0.6608842366747711,1.1029493713176195,1.6277115504573323,0.2692895088747452,0.29281178525235846,0.4378987058728963,0.7643872872731152,1.2282252475261775,0.3385620840445043,0.39948630293115484,0.22298573316651715,True
2025-09-21,Arsenal,Man City,D,1,1,0.43427341749970555,0.2587742625461904,0.30695231334524403,0.8322287176788143,1.3517991705040744,0.47464075118020377,0.26657905203271715,0.25878019678707914,0.8301573198472953,1.3220844488456092,0.002071397831518995,0.029714721658465226,0.048172119862594925,False
2025-09-27,Brentford,Man United,H,3,1,0.4663580826816926,0.24633622838795954,0.2873056691794224,0.4279997808781999,0.7628015221664003,0.2868213210554277,0.2545351514078272,0.45864352753674514,0.78376585675468,1.248895831822395,-0.3557660758764801,-0.48609430965599476,0.17953677150172764,False
2025-09-27,Chelsea,Brighton,A,1,3,0.4918129121347826,0.22839216556200367,0.27979483711111724,0.8127383984843994,1.273698668989914,0.5086493149170193,0.24847063721010404,0.24288004787287668,0.8936924050301257,1.4151875876698325,-0.08095400654572626,-0.14148891867991864,0.036914831834288786,False
2025-09-27,Crystal Palace,Liverpool,H,2,1,0.23480381744499118,0.2273078741645317,0.5378882141113659,0.9265177983338716,1.449004932876752,0.22552175968660648,0.2613864061057703,0.5130918342076233,0.9314026283463643,1.4893386294104884,-0.004884830012492736,-0.04033369653373642,0.03407848480168296,False
2025-09-27,Leeds,Bournemouth,D,2,2,0.27466529063755507,0.23014273870734056,0.49519189588854845,0.9133362383997417,1.4690555594779988,0.322874870179392,0.2883837861246201,0.388741343695988,0.7617656499422519,1.243463095246689,0.15157058845748972,0.22559246423130985,0.10645058957583846,False
2025-09-27,Man City,Burnley,H,5,1,0.8253603868278654,0.11511848899193475,0.05950732302734953,0.04729238249058034,0.19193515551237927,0.8057523291452697,0.12909249599123146,0.0651551748634989,0.05864222696522685,0.21597886763576343,-0.011349844474646507,-0.02404371212338416,0.019614958259020866,False
2025-09-27,Nott'm Forest,Sunderland,A,0,1,0.6690228314575831,0.19728824280392784,0.13368859751515857,1.237009645835436,2.0122420826161576,0.5441951486455943,0.2535778441332874,0.20222700722111853,0.9968918308520596,1.5983644144450038,0.24011781498337648,0.4138776681711538,0.12482784692365417,True
2025-09-27,Tottenham,Wolves,D,1,1,0.5340376637913364,0.211172710894922,0.25478927202965784,0.9723622915259779,1.5550789452761644,0.6112986502042421,0.22101873394112187,0.16768261585463587,1.0086153122720745,1.5095078120927174,-0.0362530207460966,0.045571133183446966,0.08710683281706376,False
2025-09-28,Aston Villa,Fulham,H,3,1,0.4846503086312214,0.24047861292504552,0.27487104548663077,0.3989693593151627,0.7243276612311336,0.4090176041478266,0.2995267378067161,0.2914556580454573,0.5239228594750187,0.893997081939386,-0.12495350015985601,-0.16966942070825242,0.07563272096194595,False
2025-09-28,Newcastle,Arsenal,A,1,2,0.28748735613069715,0.24340032360783828,0.46911229541586946,0.4237344523460257,0.7569131033413149,0.25697988592014415,0.2891023716601621,0.4539177424196938,0.44782467511106466,0.7898392814542013,-0.02409022276503897,-0.03292617811288645,0.04570203562952625,False
2025-09-29,Everton,West Ham,D,1,1,0.43175131376687903,0.28387672951903054,0.284371955456614,0.7801091445140043,1.2592151860376581,0.575221238938053,0.24778761061946902,0.17699115044247785,0.9280288197979482,1.3951833085371366,-0.1479196752839439,-0.13596812249947843,0.1434699245424358,False
2025-10-03,Bournemouth,Fulham,H,3,1,0.41517939217643757,0.2557023498765038,0.3291182507477083,0.5157176580427184,0.8790445818486624,0.48156757420005725,0.27401873236172275,0.24441369343821998,0.4035964993460508,0.7307087165730641,0.11212115869666761,0.14833586527559828,0.08470456090916346,False
2025-10-04,Leeds,Tottenham,A,1,2,0.26760765660225355,0.20203737521560275,0.5303541721820206,0.333000162442995,0.6342102462151402,0.3511012116208068,0.2818986539680101,0.367000134411183,0.6034277417460348,1.0023930646846284,-0.27042757930303973,-0.3681828184694882,0.16335443577089914,False
2025-10-04,Arsenal,West Ham,H,2,0,0.7427570950844383,0.16205112436104546,0.09519020832965802,0.10149565479791942,0.29738621223208134,0.7926810446111058,0.14179924844949396,0.06551970693940035,0.06738100812180853,0.23233435186204013,0.03411464667611089,0.06505186037004121,0.04992316341423832,False
2025-10-04,Man United,Sunderland,H,2,0,0.6530137760837087,0.2079762434753876,0.13900980520253534,0.18297728338026717,0.4261570533222505,0.6143882221649101,0.21872777977299518,0.16688399806209495,0.22438855365875193,0.48712826698588146,-0.04141127027848476,-0.06097121366363095,0.03862564153798291,True
2025-10-04,Chelsea,Liverpool,H,2,1,0.30059910555641883,0.2338578494221309,0.46554299440774943,0.7605813845269593,1.2019777771952387,0.33533862336224396,0.25259272928584603,0.41206864735190996,0.6753784026125024,1.0926144416808659,0.08520298191445697,0.10936333551437283,0.05347437236268987,False
2025-10-05,Aston Villa,Burnley,H,2,1,0.6722429713209499,0.18611462068501286,0.14164158287981282,0.16212565988194477,0.3971354393419683,0.585494917304004,0.2470758602433777,0.16742922245261815,0.2608934888269078,0.5352977769316535,-0.09876782894496305,-0.13816233758968516,0.086748466574058,False
2025-10-05,Everton,Crystal Palace,H,2,1,0.34773692173699366,0.30191910474128286,0.35034397330638417,0.6393431687050148,1.0563090571187363,0.3730008226510994,0.3014031415230246,0.3255960358258761,0.5899846006616716,0.9861746538418276,0.049358568043343265,0.07013440327690879,0.025263900806436035,False
2025-10-05,Newcastle,Nott'm Forest,H,2,0,0.569787540344994,0.2162825960934864,0.21392966204815808,0.2776268221193875,0.5624917238738115,0.6160357489689167,0.2203134683100682,0.1636507827210151,0.2227481490738731,0.48445028309207794,0.05487867304551439,0.07804144078173358,0.05027898008382371,False
2025-10-05,Wolves,Brighton,D,1,1,0.3176240771820887,0.23182409352974698,0.45055177368003974,0.8939761784533982,1.4617764124523243,0.2545091003711363,0.26419151179829903,0.48129938783056464,0.8378381142074741,1.3310810153498474,0.056138064245924046,0.1306953971024769,0.06311500461501468,False
2025-10-05,Brentford,Man City,A,0,1,0.22702735190646336,0.2193253540914958,0.5536471244243096,0.29887591899570887,0.59122775470266,0.19221124529323258,0.22067076908380234,0.587117985622965,0.25611230894125014,0.5325294816972486,0.04276361005445872,0.05869827300541142,0.03481619140209635,False
2025-10-18,Nott'm Forest,Chelsea,A,0,3,0.32431727840413577,0.253738297097284,0.421944415800479,0.5037130789095448,0.8628816897340632,0.3004526299360075,0.2781332917121898,0.4214140783518027,0.5023915795236154,0.8641393696466011,0.0013214993859294033,-0.0012576799125378901,0.02439499026585515,False
2025-10-18,Brighton,Newcastle,H,2,1,0.3266617437931008,0.2229861240090312,0.450352016376905,0.7059241574270629,1.118830066120303,0.3389920990817852,0.27797352124706387,0.383034379671151,0.6609160596008599,1.081778478416695,0.045008097826203075,0.03705158770360795,0.0673176946162355,False
2025-10-18,Burnley,Leeds,H,2,0,0.3992768106288508,0.23539728598123597,0.36532586986204363,0.5497432236860362,0.9181003416586097,0.2724014336917563,0.3010752688172043,0.42652329749103945,0.8019681144897932,1.3004784415350346,-0.252224890803757,-0.3823780998764249,0.12687539370102935,False
2025-10-18,Crystal Palace,Bournemouth,D,3,3,0.42335878822580403,0.2616018809652319,0.3150393258159956,0.8237142225727018,1.340931469190876,0.43432474792522363,0.28530423324120263,0.2803710188335738,0.7780359338850307,1.2541991830136578,0.0456782886876711,0.08673228617721818,0.03466830947890606,False
2025-10-18,Man City,Everton,H,2,0,0.6449960919150728,0.22142193495383378,0.1335819030653374,0.19289957286082846,0.43851102125111946,0.6712451334927543,0.2124380202702343,0.11631684623701156,0.16673928342705804,0.3986208831030279,0.02616028943377041,0.03989013814809156,0.026249006544803395,False
2025-10-18,Sunderland,Wolves,H,2,0,0.23966547491029636,0.24115326196025927,0.5191812292895004,0.9058126346440154,1.4285111824994365,0.3671144145298647,0.32107366287265393,0.3118119225974812,0.6008591363602761,1.0020817233012715,0.3049534982837393,0.426429459198165,0.20736932361199112,True
2025-10-18,Fulham,Arsenal,A,0,1,0.18554371087873694,0.22724148731697175,0.5872147242708805,0.256456846063447,0.5323647266030248,0.1341421180223955,0.23434466401502826,0.6315132179625762,0.20869403791614663,0.459636406353515,0.047762808147300356,0.07272832024950981,0.051401631623046826,False
2025-10-19,Tottenham,Aston Villa,A,1,2,0.37603834129125835,0.225574749250841,0.3983868307165713,0.5542272070759121,0.9203318092483295,0.41948090692124107,0.28290572792362767,0.29761336515513126,0.7493468669721635,1.211960067236147,-0.19511965989625135,-0.29162825798781755,0.10077350493210473,False
2025-10-19,Liverpool,Man United,A,1,2,0.6532109404777705,0.19432804572855977,0.15246046896170268,1.1827711787891517,1.8808499364612234,0.5938841006382215,0.21704732826015719,0.1890685711016213,1.0574176500709078,1.6656455196606619,0.1253535287182439,0.21520441680056157,0.05932711225553253,False
2025-10-20,West Ham,Brentford,A,0,2,0.31495350197472705,0.23710765620147622,0.4479388058044925,0.4601873111720717,0.803098650083388,0.3701704118189215,0.2941233181521944,0.335706270028884,0.664820819745985,1.0915186976940014,-0.20463350857391327,-0.28842004761061346,0.11223255378526059,False
2025-10-24,Leeds,West Ham,H,2,1,0.34707391867713433,0.23318142192061073,0.41974461619610653,0.656871586026168,1.0582174995969624,0.5359800216552711,0.2614889054436767,0.20253107290105232,0.3247098234636261,0.6236583916372023,0.33216176256254193,0.43455910795976016,0.21721356489812849,False
2025-10-25,Chelsea,Sunderland,A,1,2,0.7587115027608818,0.1541381777708355,0.08714816089719085,1.4327002024215703,2.4401456099675065,0.6696918818350955,0.2066070699278486,0.12370104823705584,1.2590735508008373,2.0898875255932787,0.17362665162073299,0.3502580843742278,0.08902070021133221,True
2025-10-25,Newcastle,Fulham,H,2,1,0.5667722380547542,0.21511351240687138,0.21811402434836108,0.28153384455754527,0.5677977525085193,0.6037607749475649,0.23423008377483842,0.16200914127759658,0.2381162174728264,0.504577227470564,0.04341762708471886,0.06322052503795528,0.05610499566577111,False
2025-10-25,Man United,Brighton,H,4,2,0.3778942796279693,0.2477662689438195,0.37433943981276235,0.588533667545277,0.9731408060051709,0.4786658003032272,0.24915168579885927,0.2721825138979135,0.407949231181676,0.7367526279951905,0.18058443636360105,0.23638817800998047,0.10215693172257327,False
2025-10-25,Brentford,Liverpool,H,3,2,0.252405329533748,0.21556307449415127,0.5320313511498463,0.888422589001246,1.3767190331111125,0.22755085114440507,0.24723718432229252,0.5252119645333024,0.9336515205682792,1.4803815440544752,-0.045228931567033115,-0.10366251094336265,0.03167398741701405,False
2025-10-26,Arsenal,Crystal Palace,H,1,0,0.648654883120294,0.20951361326484966,0.14183133886833482,0.18745547398369172,0.43285447086534895,0.6981073533974558,0.19407384424449267,0.10781880235805148,0.14042872123444883,0.359382386616972,0.047026752749242895,0.07347208424837692,0.04945238790390107,False
2025-10-26,Aston Villa,Man City,H,1,0,0.2496367458037507,0.23198630003037043,0.518376887415657,0.8855772540565108,1.3877484345574564,0.22707132582153003,0.2571868862753139,0.515741787903156,0.9295534216288226,1.482491100187035,-0.04397616757231182,-0.09474266562957845,0.025200552869832596,False
2025-10-26,Bournemouth,Nott'm Forest,H,2,0,0.41892838633446955,0.2580714869451433,0.3230001205073215,0.5085741904296851,0.8700552893372706,0.4811950982936925,0.27458025382860424,0.2442246478777032,0.40419852045806015,0.7314824813555806,0.10437566997162495,0.13857280798169003,0.0787754757361511,False
2025-10-26,Wolves,Burnley,A,2,3,0.5266979727533265,0.23119661939309993,0.24210533702361203,0.9052669514893545,1.4183823705739098,0.5024726102149407,0.28439065622135934,0.21313673356370008,0.9525105694290346,1.5458213776154777,-0.047243617939680016,-0.12743900704156785,0.05319400141327858,False
2025-10-26,Everton,Tottenham,A,0,3,0.3719399617648214,0.2640589947175312,0.36400104031564684,0.6125611645684295,1.0105985533394617,0.42677508220030214,0.2870345685594952,0.2861903492402026,0.7740500318530341,1.2510981327630517,-0.16148886728460465,-0.24049957942359002,0.0778106926764445,False
2025-11-01,Brighton,Leeds,H,3,0,0.6450238265170147,0.18030515579134326,0.17466876217586325,0.1890272094256113,0.43846802253218503,0.47851569225683366,0.26982968202260343,0.2516546257205628,0.40808399116934524,0.7370662739417342,-0.21905678174373394,-0.29859825140954915,0.1665092620180704,False
2025-11-01,Burnley,Arsenal,A,0,2,0.08788938193349502,0.156234930947119,0.7558737851519717,0.09173150588072848,0.27988086759763003,0.0790454273710762,0.1591309261549297,0.7618236464739941,0.0882988066261467,0.2720401851542187,0.0034326992545817836,0.007840682443411351,0.008844905546126006,False
2025-11-01,Crystal Palace,Brentford,H,2,0,0.3973092141620716,0.25022914250542516,0.352461633398315,0.5500800101107483,0.9230404244796657,0.4695476397456979,0.27534380007750553,0.2551085601767965,0.42227429221595947,0.7559855163745433,0.12780571789478878,0.16705490810512247,0.09735307818861258,False
2025-11-01,Fulham,Wolves,H,3,0,0.4994059539532713,0.2384615206178311,0.2621324854334334,0.37617173567231177,0.6943359789943347,0.5423835011570823,0.26028591610487334,0.19733058273804419,0.3161009770195394,0.6117819610393131,0.060070758652772394,0.0825540179550216,0.06480192269312125,False
2025-11-01,Nott'm Forest,Man United,D,2,2,0.4145576185887231,0.26496027271548384,0.32048210500349855,0.8148501994439227,1.328175378515377,0.27931246163290363,0.2578268876611418,0.46286065070595456,0.8430763618741193,1.355466897324631,-0.0282261624301966,-0.02729151880925418,0.14237854385630874,False
2025-11-01,Tottenham,Chelsea,A,0,1,0.347466619415548,0.22720312960234776,0.42533017772979365,0.502599718337241,0.8548895229036126,0.3439457660206428,0.27731239824456383,0.3787418357347934,0.5811625628498528,0.9709004782066151,-0.07856284451261175,-0.11601095530300243,0.050109232016060754,False
2025-11-01,Liverpool,Aston Villa,H,2,0,0.5926725947437768,0.20522571717838015,0.20210125550199332,0.24887812753963,0.5231131492465945,0.5785161583978151,0.22394173873463813,0.19754210286754664,0.26682141348456095,0.5472888011951563,-0.017943285944930942,-0.02417565194856186,0.01871580526833315,False
2025-11-02,West Ham,Newcastle,H,3,1,0.22992043800522535,0.21556673935137455,0.5545125932104369,0.9469757669456109,1.4700219516200717,0.18728077679869964,0.22944114124390452,0.5832780819573958,1.0533690939481288,1.6751463080149418,-0.10639332700251791,-0.20512435639487014,0.042639775923007314,False
2025-11-02,Man City,Bournemouth,H,3,1,0.6632896838173952,0.19346863831649355,0.143241177488501,0.17132198596412015,0.4105434553871992,0.6767805486052331,0.18089648308513706,0.1423229683096299,0.1574501786609693,0.390408211343627,0.013871807303150852,0.020135244043572198,0.013490614599032738,False
2025-11-03,Sunderland,Everton,D,1,1,0.20495972149540279,0.2764312135556871,0.5186090615464197,0.8345156348700269,1.2857932645366572,0.29330666909068875,0.3043056691815896,0.4023876617277218,0.7319352343766542,1.1897225920142063,0.10258040049337269,0.09607067252245094,0.11622140151994319,True
2025-11-08,Tottenham,Man United,D,2,2,0.45017599285519666,0.23436393104861228,0.3154600308306259,0.8883720456741556,1.4508801108986376,0.3249788592566654,0.2724753109645022,0.40254582977883246,0.7969465771922901,1.3002072709485737,0.0914254684818655,0.15067283995006386,0.1251971562313139,False
2025-11-08,Everton,Fulham,H,2,0,0.36419775158508255,0.29362306164100604,0.3421791863898272,0.6075455970153066,1.0100582852796725,0.40899533502649016,0.30043484486513783,0.2905698201083721,0.5239784303874019,0.8940515288075845,0.08356716662790475,0.11600675647208791,0.05160936647349723,False
2025-11-08,West Ham,Burnley,H,3,2,0.531412758057304,0.23022366655203594,0.2383634993727996,0.3293940977853724,0.6322162375567696,0.5162397072278133,0.26517230863068003,0.21858798414150654,0.35212108093860395,0.6611840724788935,-0.022726983153231572,-0.02896783492212396,0.03494860406971394,False
2025-11-08,Sunderland,Arsenal,D,2,2,0.058943323213252484,0.13043130432970484,0.8106213400274572,1.4167309887490709,2.0369085944222016,0.1216551724137931,0.2162758620689655,0.6620689655172414,1.067358820451843,1.5312005469383674,0.34937216829722795,0.5057080474838342,0.1485543907250086,True
2025-11-08,Chelsea,Wolves,H,3,0,0.5936483242399834,0.21419801110902711,0.19215346097784494,0.24792542492180075,0.5214681816823998,0.7144500690289921,0.17993557294063506,0.10561435803037277,0.12506996610918975,0.3362421664487959,0.12285545881261101,0.18522601523360394,0.12080164295243648,False
2025-11-09,Aston Villa,Bournemouth,H,4,0,0.48127070723160226,0.2435782528388431,0.27515101403985626,0.4041185249591866,0.7313253662921025,0.4102254731920669,0.28595128572505846,0.30382324108287456,0.5219106921014379,0.8910483358276108,-0.11779216714225133,-0.15972296953550824,0.0710452469843845,False
2025-11-09,Brentford,Newcastle,H,3,1,0.3314927262163766,0.2286340664422566,0.4398731384741488,0.6926638893906323,1.1041494116289963,0.3320643315514117,0.2771933024061642,0.3907423660424242,0.6756537807051296,1.1024265591034108,0.01701010868550268,0.001722852525585461,0.04913080686533364,False
2025-11-09,Crystal Palace,Brighton,D,0,0,0.4067677285456977,0.24439720299012319,0.3488350520874251,0.8580814654002121,1.4089604961441158,0.4006604854908814,0.28220434195444694,0.31713517255467166,0.7763341490141188,1.2651238535923235,0.08174731638609334,0.1438366425517923,0.037807130775946746,False
2025-11-09,Nott'm Forest,Leeds,H,3,1,0.5837383415983703,0.21023852629158132,0.20602282860730423,0.25991941209988556,0.5383024417644252,0.43634211910466947,0.2948614926070948,0.26879638828823565,0.4769050048746984,0.8293286664854548,-0.21698559277481283,-0.29102622472102957,0.1473963742450729,False
2025-11-09,Man City,Liverpool,H,3,0,0.46014789021178787,0.23342788735285525,0.30642417131507155,0.4398246518029294,0.7762073407087866,0.5031217007077593,0.24401402484326326,0.2528642744489775,0.37037122992036603,0.686923188430295,0.06945342188256337,0.08928415227849162,0.053559922426236736,False
2025-11-22,Burnley,Chelsea,A,0,2,0.1827134447710774,0.21156114968767814,0.6057251780559021,0.23359495817633583,0.5013288973336716,0.16758305678353191,0.22870158337517296,0.6037153598412951,0.2374300111849379,0.5046524506654292,-0.0038350530086020684,-0.0033235533317576005,0.01714031994482365,False
2025-11-22,Bournemouth,West Ham,D,2,2,0.4925546851721576,0.24231295251238819,0.26513233275106,0.8869949336855567,1.4175251960783426,0.575081837555199,0.2362194344970011,0.1886987279477997,0.9496870820550628,1.4429940987687846,-0.0626921483695061,-0.025468902690441997,0.0825271376008444,False
2025-11-22,Brighton,Brentford,H,2,1,0.4268707984561951,0.22799148219726964,0.3451376504692648,0.4995771953881918,0.851273891267875,0.44846728467284674,0.2804536045360454,0.2710791107911079,0.4563264446807009,0.8019195440170713,0.043250750707490904,0.049354347250803676,0.07405857411679216,False
2025-11-22,Fulham,Sunderland,H,1,0,0.678270755474802,0.19185739631998738,0.12987140403306324,0.1571855488909585,0.3882087264003624,0.46949987151260913,0.28753394497961565,0.24296618350777519,0.4231387221690128,0.756087254002421,-0.26595317327805434,-0.36787852760205864,0.20877110604826654,True
2025-11-22,Liverpool,Nott'm Forest,A,0,3,0.6556100734540307,0.18949336513272205,0.15489575482613394,1.1799334890546125,1.865002937834579,0.6560230385614947,0.20561916134016997,0.13835780009833532,1.2150727472850715,1.977912194878144,-0.03513925823045905,-0.11290925704356503,0.01653835802135528,False
2025-11-22,Wolves,Crystal Palace,A,0,2,0.32584612187293266,0.25554615212103976,0.41860771855724077,0.5094965159247162,0.8708210301597253,0.21362426099473042,0.2546626058700339,0.5317131331352356,0.3297809573920785,0.6316511585037377,0.1797155585326377,0.2391698716559877,0.11310541085360146,False
2025-11-22,Newcastle,Man City,H,2,1,0.3117276242959008,0.2339580569984889,0.45431427100759136,0.734856692433032,1.1656254715098509,0.24049026937628856,0.253607920433177,0.5059018101905345,0.8971086497726029,1.4250756502287,-0.16225195733957087,-0.25945017871884923,0.07123737876862171,False
2025-11-23,Leeds,Aston Villa,A,1,2,0.22053397192810162,0.2087362845711893,0.5707293686973368,0.27647934416995623,0.5608401419306365,0.2945677066293906,0.28094607857716447,0.42448621479344495,0.4969169498195618,0.8568757477428438,-0.22043760564960557,-0.29603560581220734,0.14624334130557798,False
2025-11-23,Arsenal,Tottenham,H,4,1,0.7011774342750912,0.16969589857250666,0.12912449094046022,0.13476475793938092,0.35499430803434023,0.657887635288376,0.21635230959147939,0.12576005512014468,0.17966478341796838,0.418721129278113,-0.04490002547858746,-0.06372682124377277,0.0466553229130017,False
2025-11-24,Man United,Everton,A,0,1,0.3998167872148827,0.30246363904263246,0.2977195734432356,0.7445355138064935,1.211603264236195,0.5110796061447631,0.25091763609174417,0.23800275776349264,0.9048018210949975,1.4354730181362283,-0.160266307288504,-0.22386975390003339,0.11126281878025583,False
2025-11-29,Brentford,Burnley,H,3,1,0.653437271388031,0.18964276432777852,0.1569191405729691,0.18069371960301386,0.4255087392197433,0.6483249962103986,0.21373351523419737,0.137941488555404,0.18838517808966368,0.4333631709959623,-0.007691458486649816,-0.007854431776218973,0.02409033905080815,False
2025-11-29,Man City,Leeds,H,3,2,0.8263828691986562,0.11018319818448619,0.06340760546173398,0.046303769700243594,0.19069709082203995,0.7980610073303382,0.12981792385906835,0.07212106881059352,0.06283349868189894,0.22557023416585825,-0.016529728981655348,-0.0348731433438183,0.02833502544587984,False
2025-11-29,Sunderland,Bournemouth,H,3,2,0.18307495032755847,0.22665172745279474,0.5902732428035911,1.0671600435095243,1.6978596453579493,0.2955583988301956,0.28349479071467737,0.42094681045512705,0.7538034830533813,1.218888834486719,0.313356560456143,0.4789708108712303,0.16932647205649187,True
2025-11-29,Everton,Newcastle,A,1,4,0.2622776928999142,0.2664374587399754,0.4712848432382739,0.4193182246022944,0.7522926050470372,0.353884793000081,0.2896378514137568,0.35647735558616217,0.6232459255616664,1.0314845598375761,-0.20392770095937196,-0.27919195479053893,0.11480749021303,False
2025-11-29,Tottenham,Fulham,A,1,2,0.44311028755817067,0.22700307540223097,0.32988655698343455,0.6969291496934713,1.109006450339799,0.40536620739666424,0.2828136330674402,0.31182015953589554,0.7178968059691603,1.1653286691056939,-0.020967656275688973,-0.05632221876589494,0.05581051763712733,False
2025-11-30,Crystal Palace,Man United,A,1,2,0.4310320075012243,0.2673250846748269,0.3016429042376721,0.7449539255885321,1.1985113975357329,0.4651405874359778,0.2604787289641476,0.27438068359987455,0.8107283266560498,1.2932387806524432,-0.06577440106751764,-0.09472738311671036,0.03410857814161519,False
2025-11-30,Aston Villa,Wolves,H,1,0,0.570363344541729,0.21866618504193366,0.21097030456222016,0.2769110256012382,0.5614816746718673,0.6583765415824472,0.2081319389518704,0.1334915194656824,0.17784547712229123,0.41797825968529734,0.09906554847894697,0.14350341498656993,0.0880131141136596,False
2025-11-30,Nott'm Forest,Brighton,A,0,2,0.38804986779414724,0.24125955064949758,0.3706905615036266,0.6048192400552733,0.9923876304292636,0.33020116209944966,0.2907741576696646,0.3790246802308858,0.5791927659826835,0.9701539566771764,0.025626474072589778,0.02223367375208718,0.057848715721061886,False
2025-11-30,West Ham,Liverpool,A,0,2,0.16694348941900583,0.19027465781174097,0.6427809385838608,0.1916800319037963,0.44195129928611904,0.1885739098070839,0.20445381800136464,0.6069722721915514,0.23183227798153735,0.49927216904582195,-0.040152246077741066,-0.05732086975970291,0.035809123485005576,False
2025-11-30,Chelsea,Arsenal,D,1,1,0.2506690394442874,0.2494411337273937,0.4998898086505901,0.8760633998690655,1.3885323285924218,0.3051361602092354,0.3070613094850034,0.3878025303057613,0.7236629075914253,1.180707846170484,0.1524004922776402,0.20782448242193774,0.11208728743369321,False
2025-12-02,Bournemouth,Everton,A,0,1,0.41677708380383294,0.2929865535142548,0.2902363620554446,0.7633086798724783,1.2370596463971344,0.4364712206931609,0.27809452061307105,0.28543425869376793,0.7784478875369167,1.2537435436739175,-0.015139207664438437,-0.0166838972767831,0.0196941365760942,False
2025-12-02,Fulham,Man City,A,4,5,0.20039586405435938,0.22007565699515236,0.5795283381765891,0.265388215528482,0.5455407163166914,0.1825090998366833,0.23478112357631586,0.5827097765870008,0.2625628780670245,0.5400660268942282,0.002825337461457522,0.005474689422463208,0.017886834604625673,False
2025-12-02,Newcastle,Tottenham,D,2,2,0.585737539322314,0.19260664058910656,0.2216544081887868,1.0441031784616888,1.6471053015566897,0.5247110121241589,0.2495412268456797,0.22574776103016142,0.8894720680587778,1.3881311395823992,0.154631110402911,0.25897416197429046,0.061027233148051405,False
2025-12-03,Arsenal,Brentford,H,2,0,0.652536144201888,0.19738610770918658,0.15007732569130303,0.18221561028932723,0.42688874790659187,0.671990587780231,0.20810031105452315,0.11990910116524568,0.16527410650800473,0.39751094483649446,0.016941503781322503,0.029377803070097408,0.03016843572486847,False
2025-12-03,Brighton,Aston Villa,A,3,4,0.3941456993052768,0.23463170849575257,0.3712225567645399,0.6057639440342036,0.9909535127704887,0.42087768189906993,0.281805056575899,0.297317261525031,0.7503151439831619,1.2129554896980985,-0.14455119994895826,-0.2220019769276098,0.07390531295672421,False
2025-12-03,Burnley,Crystal Palace,A,0,1,0.23859071162534298,0.24110634872940329,0.5203029056658591,0.34516710138412987,0.6533441261043961,0.19198129721628276,0.2571632761119968,0.5508554266717205,0.30472061681174406,0.5962828877937024,0.04044648457238581,0.05706123831069365,0.04660943139875755,False
2025-12-03,Wolves,Nott'm Forest,A,0,1,0.34622641420940325,0.2527924651057988,0.40098111241514006,0.5426003879939707,0.9138409539939917,0.3073141122913505,0.2934294385432474,0.39925644916540215,0.5414356128865873,0.91815133881672,0.0011647751073834423,-0.004310384822728275,0.04063696930261962,False
2025-12-03,Leeds,Chelsea,H,3,1,0.20033616398486065,0.20426932802547787,0.5953940491661683,1.0356822827849137,1.6077585035067394,0.23642715544950002,0.27527354359700995,0.48829930095349,0.8972552200510641,1.4421151292795689,0.13842706273384964,0.16564337422717057,0.1070949776244249,False
2025-12-03,Liverpool,Sunderland,D,1,1,0.8678146455960608,0.09049338295190189,0.04165277744854187,1.5820394994344702,2.4024785475029726,0.7100995264418536,0.17655125337493982,0.11334922018320667,1.1951572214874684,1.7341440573696174,0.3868822779470018,0.6683344901333552,0.15773471615595497,True
2025-12-04,Man United,West Ham,D,1,1,0.47313733573862327,0.251500210997984,0.2753624391252809,0.8599353454869292,1.3803114504845082,0.6964794506092166,0.186174314682079,0.11734623470870437,1.1611660100044103,1.6810718684338088,-0.30123066451748115,-0.30076041794930064,0.2233421078015374,False
2025-12-06,Aston Villa,Arsenal,H,2,1,0.23057348867371938,0.24017013323199063,0.5292563416898421,0.9298111244473182,1.4671856444791713,0.21725940624284515,0.2761772113256506,0.5065633824315043,0.945563149591363,1.526663218913871,-0.015752025144044834,-0.05947757443469959,0.036007059891436,False
2025-12-06,Bournemouth,Chelsea,D,0,0,0.33017047714083725,0.25444044597337623,0.41538906897211664,0.8374196711973082,1.3686884744086607,0.2879967255456836,0.2528386837258209,0.45916459072849547,0.8520242678404664,1.3750036073486345,-0.014604596643158163,-0.006315132939973767,0.04377551779954389,False
2025-12-06,Everton,Nott'm Forest,H,3,0,0.36725839311467273,0.2967774865203891,0.33596412004860204,0.6013107075492173,1.0016896102351176,0.45847091334230844,0.288414936583292,0.2531141500743995,0.4405037003085437,0.7798584280279095,0.16080700724067365,0.2218311822072081,0.09121252006946767,False
2025-12-06,Man City,Sunderland,H,3,0,0.8710504131203346,0.09094335149509283,0.037977928771082095,0.026341012211337764,0.13805542421752678,0.7619896575610962,0.1500351728841228,0.0879751695547811,0.08689910666844537,0.27182229614206843,-0.06055809445710761,-0.13376687192454165,0.1090749088659837,True
2025-12-06,Newcastle,Burnley,H,2,1,0.7502954366834612,0.14856039220822218,0.10113895329171076,0.09465164694710698,0.2872882344382054,0.727226115193984,0.16821056229704326,0.10456332250897285,0.11363387391456865,0.31851782478076157,-0.01898222696746167,-0.03122959034255618,0.023071930397780223,False
2025-12-06,Tottenham,Brentford,H,2,0,0.4087884657164593,0.2202215767275951,0.37098982790316,0.5356620735339026,0.8945574554699993,0.39124433950427173,0.2840228587071827,0.3247328017885456,0.5567038310112294,0.9384230049531438,-0.02104175747732684,-0.04386554948314447,0.0638012171531948,False
2025-12-06,Leeds,Liverpool,D,3,3,0.11286801045211058,0.14629673829933698,0.7408260979199761,1.2903717541811064,1.9221182658092555,0.21152471902812967,0.23803027350094197,0.5504450074709284,0.928330277110649,1.4353574138160536,0.3620414770704574,0.48676085199320185,0.1903856671133359,False
2025-12-07,Brighton,West Ham,D,1,1,0.542402109013945,0.2169725250932381,0.24062515308631816,0.9652325386194491,1.5279845459312704,0.5954558829173435,0.22312484808167127,0.18141926900098507,0.9910156613338514,1.5000238073149246,-0.025783122714402307,0.027960738616345848,0.05920599048858237,False
2025-12-07,Fulham,Crystal Palace,A,1,2,0.39766155917775464,0.2605482923886299,0.34179014389933554,0.6592603429823711,1.0735583445872814,0.38478596662945236,0.28632602810956304,0.32888800526098455,0.6804341439705406,1.1120379957103255,-0.021173800988169456,-0.03847965112304408,0.025777733453793195,False
2025-12-08,Wolves,Man United,A,1,4,0.3497152434766847,0.25993215168202016,0.3903526002540913,0.5615354270149493,0.9407048450979666,0.18128310771041792,0.23092014910731803,0.5877967431822642,0.25609920533604125,0.5313740657029314,0.30543622167890805,0.40933077939503515,0.19744414063457089,False
2025-12-13,Chelsea,Everton,H,2,0,0.5010603968641997,0.2723867530612574,0.22655284597693598,0.37446146284081366,0.6910286325400028,0.5532036296837564,0.24759753246715444,0.19919883784908923,0.30061171161202127,0.5920291179625954,0.07384975122879239,0.09899951457740741,0.05214323077075321,False
2025-12-13,Liverpool,Brighton,H,2,0,0.6428305693927686,0.1829243915742285,0.17424322661163838,0.1913920372131303,0.4418740896335536,0.5377543515567542,0.23608727629320916,0.22615837215003678,0.3205558508258174,0.6203534187112896,-0.12916381361268708,-0.17847932907773595,0.10507712404669674,False
2025-12-13,Burnley,Fulham,A,2,3,0.2505408501007157,0.2372986988712515,0.5121604064580338,0.35706885908236896,0.6691174091455565,0.23942944991396953,0.2769468850856741,0.48362366500035636,0.4006705579924278,0.7264482263677381,-0.04360169891005883,-0.057330817222181585,0.039648163929423136,False
2025-12-13,Arsenal,Wolves,H,2,1,0.7468100993065425,0.16002971977628805,0.09315847181931802,0.0983931378965508,0.2919443439639342,0.8619378475454744,0.10198845735354826,0.03607369510097726,0.030764114851971468,0.1485721135334214,0.06762902304457932,0.1433722304305128,0.11512689369000623,False
2025-12-14,Crystal Palace,Man City,A,0,3,0.21178031594667063,0.2315428483954975,0.5566767704418647,0.2949984787314271,0.5857705119097965,0.2307526006562047,0.2555192410407712,0.5137281583030241,0.3549971492790224,0.6660610283274704,-0.05999867054759528,-0.08029051641767393,0.04294864474682418,False
2025-12-14,Nott'm Forest,Tottenham,H,3,0,0.4158916889167826,0.23115555402906388,0.35295270655162025,0.5191910222970864,0.8773304158020623,0.35403930341542444,0.2906292789231096,0.3553314176614661,0.627991015676704,1.038347345414115,-0.10879999337961765,-0.16101692961205272,0.061852410752624834,False
2025-12-14,Sunderland,Newcastle,H,1,0,0.10338304436569655,0.15836034819500308,0.7382539856625113,1.3740189123579527,2.269314311343556,0.2696550604951406,0.28380605492345695,0.44653888458140245,0.8133465829147759,1.3106116904729368,0.5606723294431768,0.9587026208706191,0.2917164119695034,True
2025-12-14,West Ham,Aston Villa,A,2,3,0.28856506588065794,0.23936748025127733,0.47206741981327155,0.4192793970711707,0.7506334650096016,0.29064550164104397,0.27273457436904686,0.4366199239899091,0.476256065725575,0.8286922014826174,-0.05697666865440432,-0.07805873647301576,0.03544751285075899,False
2025-12-14,Brentford,Leeds,D,1,1,0.6444110338340165,0.1837462796023278,0.1718410501935157,1.1110650631216776,1.694199388156327,0.43652118029817827,0.29232499461409533,0.27115382508772634,0.7648790509565601,1.2298891003801276,0.3461860121651176,0.46431028777619954,0.20789067172090822,False
2025-12-15,Man United,Bournemouth,D,4,4,0.3954587089978363,0.2664714624660017,0.3380698256261163,0.8087429128978745,1.3224881237891655,0.5355908245886275,0.23359503433865436,0.23081414107271803,0.9275092704930308,1.4541662853659254,-0.1187663575951563,-0.13167816157675993,0.1401321141357684,False
2025-12-20,Newcastle,Chelsea,D,2,2,0.4716198135275571,0.23292094312636427,0.2954591874688716,0.89813165946568,1.4570561828785156,0.3392890328404173,0.27429845753577403,0.38641250962380863,0.7910744041345125,1.2935385043290017,0.1070572553311675,0.16351767854951382,0.1323308086257433,False
2025-12-20,Bournemouth,Burnley,D,1,1,0.6003250979064276,0.21617323250963133,0.18350150481619268,1.0084474268805697,1.531675190370612,0.6573399014778326,0.20267980295566504,0.13998029556650246,1.0874097258365891,1.5961278705691722,-0.07896229895601947,-0.0644526801985601,0.057014721187530745,False
2025-12-20,Brighton,Sunderland,D,0,0,0.7293865997563578,0.1615165983361455,0.10909436738456557,1.2469608077649685,1.8231473655253203,0.5199995060325772,0.2693110389369821,0.21068945503044076,0.8486958905545007,1.3118882887793684,0.39826491721046786,0.511259076745952,0.20938831098524618,True
2025-12-20,Man City,West Ham,H,3,0,0.741519342226636,0.1568976398092231,0.10158024390152509,0.10174766577174899,0.2990540324758067,0.8135091827930482,0.11734253666954271,0.0691482805374091,0.05332958051583992,0.2063980643805481,0.048418085255909064,0.09265596809525858,0.0719884535351043,False
2025-12-20,Wolves,Brentford,A,0,2,0.31060444118116154,0.23647891352856729,0.4529166064714752,0.4516976348998001,0.7920472621205029,0.2803270263275877,0.27952148889561185,0.44015148477680055,0.4701458644417087,0.8206363277381863,-0.018448229541908612,-0.028589065617683374,0.043042555957646514,False
2025-12-20,Tottenham,Liverpool,A,1,2,0.22656010418629202,0.19427566248115918,0.5791629592430978,0.2661763287144233,0.5461713915386694,0.2619235269405568,0.264058773084094,0.47401769997534926,0.4149883495468793,0.7465106162640991,-0.14881202083245598,-0.20033922472542964,0.10514589631247406,False
2025-12-20,Everton,Arsenal,A,0,1,0.16970026712259367,0.2619703066481553,0.5683294181367912,0.28376611347292946,0.5650540668652301,0.14606741573033707,0.23127340823970036,0.6226591760299625,0.21720917673133305,0.47375597886428616,0.0665569367415964,0.09129808800094391,0.054329753846941414,False
2025-12-20,Leeds,Crystal Palace,H,4,1,0.26216283134324525,0.23117968691914048,0.5066574113831321,0.8545494676049045,1.3387894745917457,0.3320642664806581,0.3128451127936747,0.35509062072566727,0.670099557638248,1.1024267550617048,0.18444990996665644,0.23636271953004084,0.151566825834706,False
2025-12-21,Aston Villa,Man United,H,2,1,0.4886784367893272,0.2480244679654709,0.263297075893938,0.39229122788805915,0.7160505992945488,0.4792592894726108,0.2607170534731003,0.26002365705428887,0.40675657180015196,0.7355135138898075,-0.01446534391209281,-0.019462914595258618,0.012692575831997482,False
2025-12-22,Fulham,Nott'm Forest,H,1,0,0.42023876847841307,0.25511628144723497,0.3246449423027519,0.5066017411976491,0.8669322328603969,0.36576990890957706,0.29043222617894776,0.3437978649114753,0.6047956583655147,1.00575080745444,-0.09819391716786563,-0.138818574594043,0.054468863454636085,False
2025-12-26,Man United,Newcastle,H,1,0,0.2819144920158079,0.24137021708118953,0.47671526100349276,0.801163818544364,1.2661514738265423,0.3877025944998273,0.256068822361955,0.35622858313821776,0.5673781580127434,0.9475167422981705,0.23378566053162064,0.31863473152837174,0.12048669281502992,False
2025-12-27,Nott'm Forest,Man City,A,1,2,0.1966332919041105,0.22130237177351528,0.5820642104129007,0.2623097154554225,0.5411745101663614,0.17477947124459114,0.23374122058011582,0.5914793081752932,0.2520719774157583,0.5251285781277455,0.010237738039664157,0.01604593203861593,0.021853883614256178,False
2025-12-27,Arsenal,Brighton,H,2,1,0.6663092302791372,0.18880820641606844,0.14488184508890145,0.167988817643319,0.40600140647172134,0.7285912749848776,0.1715090965893606,0.0998996284257616,0.11305800198683816,0.31664236952071784,0.054930815656480836,0.0893590369510035,0.06228168559779405,False
2025-12-27,Brentford,Bournemouth,H,4,1,0.4580547585023959,0.24164585305038538,0.3002993616702339,0.4422770696978947,0.7807665419657858,0.41968358118113364,0.2712161304568886,0.3091002883619777,0.5058683236362197,0.8682542297768064,-0.06359125393832499,-0.08748768781102068,0.03837119070975464,False
2025-12-27,Burnley,Everton,D,0,0,0.2698335731093775,0.2831012370584993,0.4470651883137151,0.7866212760860054,1.261950717186443,0.26020816653322654,0.2994395516413131,0.4403522818254604,0.7524033638439975,1.2058427127110456,0.034217912242007875,0.05610800447539743,0.01633831382360973,False
2025-12-27,Liverpool,Wolves,H,2,1,0.7347613211113923,0.15480020455417645,0.11043422656240746,0.106510378505026,0.30820956568831664,0.7711448585218018,0.14582920925147536,0.08302593222672285,0.08053413947403307,0.2598790391215173,0.02597623903099293,0.04833052656679937,0.03638141352439764,False
2025-12-27,West Ham,Fulham,A,0,1,0.34620094498256876,0.2501278015211967,0.40367124320895936,0.538026997576599,0.9071544867321262,0.31804675118858955,0.2879358161648178,0.3940174326465927,0.5512756421083431,0.9313601253670768,-0.013248644531744125,-0.02420563863495062,0.037808009499983475,False
2025-12-27,Chelsea,Aston Villa,A,1,2,0.4468937082040986,0.2446495705740508,0.30845670116898927,0.7377995329725542,1.1761737982618181,0.5412191489555307,0.23400538082859906,0.2247754702158701,0.9486497570319119,1.4926532851732368,-0.21085022405935772,-0.3164794869114187,0.09432543072500148,False
2025-12-28,Sunderland,Leeds,D,1,1,0.3047698508533086,0.24034826987200067,0.454881850214525,0.8768729107302002,1.425666283037118,0.3234775532347755,0.3091007730910077,0.36742167367421674,0.7169781554757628,1.1740879287439665,0.15989475525443742,0.25157835429315156,0.08746019107039109,True
2025-12-28,Crystal Palace,Tottenham,A,0,1,0.43546411186995787,0.23334762108648902,0.33118822131926823,0.6913893002954989,1.1050684207529864,0.42526846494686227,0.2822796477473376,0.2924518873058002,0.7611593985877456,1.229455113683253,-0.06977009829224667,-0.1243866929302666,0.04893200379870612,False
2025-12-30,Burnley,Newcastle,A,1,3,0.15139614384652644,0.18311147022735083,0.6654911570850062,0.16834676888874814,0.407229928861088,0.1616738438494664,0.22046433252199962,0.617861823628534,0.22077253953994208,0.4814904328851986,-0.05242577065119394,-0.07426050402411061,0.04762994787703044,False
2025-12-30,Chelsea,Bournemouth,D,2,2,0.5050507233866035,0.2418517284424365,0.25309751660831314,0.8939233877723478,1.419430432984759,0.6107758307278411,0.21580746019050387,0.1734167090816549,1.018078409882864,1.5333686568274367,-0.1241550221105161,-0.11393822384267782,0.10572509155991425,False
2025-12-30,Nott'm Forest,Everton,A,0,2,0.4112774246742953,0.29343838263056327,0.2952841921202464,0.7518795743231752,1.2198170232592807,0.5068293338280736,0.27882874525785134,0.21434192091407514,0.951880060043662,1.5401827777421326,-0.2000004857204868,-0.320365754482852,0.09555190886633076,False
2025-12-30,West Ham,Brighton,D,2,2,0.32210059650468686,0.2324118693254097,0.445487482398853,0.8913994295952554,1.4592441824797682,0.2753138998295744,0.2662624839447664,0.45842361622565914,0.8243206978196834,1.3232726750022519,0.067078731775572,0.1359715074775163,0.04678672256063768,False
2025-12-30,Arsenal,Aston Villa,H,4,1,0.6176515115177966,0.2139331180023687,0.16841520292365808,0.22032142619865794,0.4818308777946723,0.7066381156316915,0.17601713062098498,0.11734475374732332,0.13081301670418963,0.3472366032083715,0.08950840949446831,0.1345942745863008,0.0889865203358067,False
2025-12-30,Man United,Wolves,D,1,1,0.47785651289149955,0.2506075827900394,0.2715358889115701,0.8636675808516082,1.383866978438287,0.7028255004969475,0.17961096123810877,0.11756353826494392,1.1808230445988175,1.7169620935837897,-0.31715546374720927,-0.3330951151455026,0.22496897990200238,False
2026-01-01,Crystal Palace,Fulham,D,1,1,0.42623320402767306,0.25845153572651564,0.315315253874092,0.8309925784077423,1.353047085293453,0.4252088894154058,0.29417775128739554,0.28061335929719866,0.7577315038316592,1.2235710981224823,0.07326107457608311,0.12947598717097075,0.035726212375020244,False
2026-01-01,Liverpool,Leeds,D,0,0,0.8185378810962811,0.11088947769777728,0.07053616382253163,1.46549713406492,2.199221270121195,0.6568500423774221,0.2090619489717386,0.13408800865083925,1.0750145727995533,1.5651246643737302,0.39048256126536685,0.6340966057474646,0.161706077410564,False
2026-01-01,Brentford,Tottenham,D,0,0,0.47117825797567425,0.21580505266547417,0.3130164590113071,0.934949969825968,1.5333798127831053,0.3864618338934229,0.28228516562650025,0.3312530004800768,0.7741958828631016,1.264837493362345,0.16075408696286642,0.26854231942076034,0.08471653925602354,False
2026-01-01,Sunderland,Man City,D,0,0,0.06205480016301695,0.12502418138372667,0.8129139801394449,1.4302626204926434,2.079248109319268,0.12557171077218773,0.198608318058052,0.6758199711697603,1.114729515863894,1.616420644773571,0.3155331046287495,0.4628274645456971,0.13709752812659037,True
2026-01-03,Aston Villa,Nott'm Forest,H,3,1,0.4881001743553413,0.24223674222180352,0.26966305412207614,0.3934382335357103,0.7172346188767629,0.4954220423614122,0.27823129026600796,0.2263466673725799,0.38324438004848943,0.7023452688484573,0.01019385348722085,0.014889350028305604,0.04331640139988577,False
2026-01-03,Brighton,Burnley,H,2,0,0.6548361074524001,0.18585240539812944,0.15931034724011983,0.17905901604864932,0.4233702922864628,0.6603854308287619,0.2110362137648435,0.1285783554063947,0.17640673259257952,0.41493162831100766,0.0026522834560697983,0.008438663975455118,0.030732561788400503,False
2026-01-03,Wolves,West Ham,H,3,0,0.4164717836025285,0.24591922365257568,0.3376089775229285,0.5149612655979772,0.8759365661226468,0.356300759758973,0.28608855121823423,0.35761068902279275,0.6240807759283802,1.0319800740151321,-0.10911951033040301,-0.15604350789248533,0.06017103145453914,False
2026-01-03,Bournemouth,Arsenal,A,2,3,0.1863942185688665,0.23084637975635225,0.5827593406331963,0.26212262359135746,0.5399809726521327,0.15379262352122477,0.2129436325678497,0.6332637439109257,0.20349264323096367,0.456868286568129,0.058629980360393796,0.08311268608400374,0.0505043727569368,False
2026-01-04,Leeds,Man United,D,1,1,0.2857518327722659,0.23876227686671045,0.47548585418762274,0.887223778586397,1.432286879512086,0.3510880956784415,0.28603353677331855,0.3628783675482399,0.7646916711740064,1.2516462135917006,0.12253210741239062,0.1806406659203854,0.11260750472608329,False
2026-01-04,Everton,Brentford,A,2,4,0.3392311342841136,0.2811168271203667,0.37965203764000627,0.5789360273621046,0.9685001361833233,0.3846694715002017,0.3003746181776266,0.31495591032217163,0.707480918352124,1.1553226171840323,-0.12854489099001942,-0.18682248100070897,0.06469612779559133,False
2026-01-04,Newcastle,Crystal Palace,H,2,0,0.5438792909631106,0.22576979408718734,0.23035081002807425,0.3120795968150756,0.6090279483597094,0.5720410789422201,0.24168735585308798,0.18627156520469207,0.2762587120960021,0.5585444738484558,0.035820884719073465,0.05048347451125357,0.04407929728419617,False
2026-01-04,Tottenham,Sunderland,D,1,1,0.7243387035104311,0.15903693721618825,0.11662073067281663,1.2454858251925631,1.8386187942058123,0.4860909514614821,0.28238231573340433,0.2315267328051135,0.8048641818682907,1.2644933966644842,0.44062164332427245,0.5741253975413281,0.23824956634923095,True
2026-01-04,Fulham,Liverpool,D,2,2,0.22254798801197528,0.21677492561666076,0.5606768838460963,0.9773276921903344,1.5288956728551233,0.2224884862835215,0.2661374536197982,0.5113740600966802,0.8495587928481296,1.3237423607345182,0.1277688993422048,0.20515331212060506,0.049362426740503645,False
2026-01-04,Man City,Chelsea,D,1,1,0.5802218579637466,0.21895042374211465,0.20082756512453814,0.9870275559453748,1.5189099503992438,0.6552478059645073,0.19203302036187542,0.15271917367361745,1.1054834734144066,1.6500879406899667,-0.11845591746903172,-0.13117799029072286,0.0750258714159603,False
2026-01-06,West Ham,Nott'm Forest,A,1,2,0.35054837447526166,0.25309437197393986,0.39635724563306723,0.5513254988718284,0.9254393389702231,0.3187770450293834,0.2777914249541769,0.40343153001643955,0.534680819594264,0.9077484958410538,0.01664467927756441,0.017690843129169354,0.03177133340474381,False
2026-01-07,Bournemouth,Tottenham,H,3,2,0.4227661339351241,0.23095555095895787,0.3462782623911783,0.5064480376556126,0.8609361276853819,0.4320165204834152,0.2670431788702429,0.3009403006463419,0.4844823569380019,0.8392914496094706,0.021965680717610736,0.021644678075911306,0.045337988102206295,False
2026-01-07,Brentford,Sunderland,H,3,0,0.7265153154414227,0.16543924282097058,0.10804367451151217,0.11383745135523018,0.3194957150633459,0.467317594947992,0.3066311033097235,0.22605130174228455,0.42887236918831123,0.7607461776242379,-0.315034917833081,-0.441250462560892,0.259198604106478,True
2026-01-07,Crystal Palace,Aston Villa,D,0,0,0.36737310343353213,0.25672969318664457,0.3758971977198215,0.8287124493704189,1.3597315250768724,0.31615302869287987,0.2863974495217853,0.39744952178533466,0.767147459968085,1.250374749236328,0.0615649894023339,0.10935677584054448,0.05122007757065308,False
2026-01-07,Everton,Wolves,D,1,1,0.43602177093337047,0.2831440298762759,0.28083419782111096,0.7828653132957251,1.2617995713125367,0.513399368397022,0.27566045632681013,0.21094017527616776,0.8327424435446865,1.2885854013199491,-0.049877130248961454,-0.026785830007412414,0.07737759677903028,False
2026-01-07,Fulham,Chelsea,H,2,1,0.33048356548990043,0.25143240397479893,0.4180840204604853,0.6862647580120664,1.107198347129809,0.26289123438224665,0.27170323106545047,0.4654055345523028,0.8337542897138481,1.336014889824804,-0.1474895317017817,-0.22881654269499507,0.06759233614506141,False
2026-01-07,Man City,Brighton,D,1,1,0.6601797578746614,0.18367697140378852,0.1561419929727075,1.126600921693427,1.6945766544244336,0.6324017742986437,0.20897942001661446,0.1586188056847418,1.0508054876101784,1.5655195006857252,0.07579543408324851,0.1290571537387084,0.027778622450438953,False
2026-01-07,Burnley,Man United,D,2,2,0.259991761990562,0.24982226401761198,0.4901859568445656,0.8706446241542408,1.3870055578899223,0.1942165922541792,0.2499221264666182,0.5558612812792026,0.9093186650965427,1.3866059037777922,-0.03867404094230187,0.00039965411213005453,0.06577517831001303,False
2026-01-07,Newcastle,Leeds,H,4,3,0.7463087959948711,0.1439354052859971,0.10974569079184368,0.09712074453179513,0.29261582877614184,0.5866321856759639,0.23958987781320307,0.17377793651083312,0.2584750306875395,0.5333572557613037,-0.16135428615574438,-0.24074142698516182,0.15968166428255132,False
2026-01-08,Arsenal,Liverpool,D,0,0,0.4747009734641694,0.24269969020066562,0.282599309478447,0.8787071431476929,1.4159304427206654,0.6105433353041254,0.22062815980308167,0.16882850489279294,1.0086866936405523,1.5112765293435075,-0.12997955049285936,-0.09534608662284216,0.13584234841159704,False
2026-01-17,Man United,Man City,H,2,0,0.19275639668963018,0.22669817968499997,0.5805453395281576,1.0400671910058659,1.6463280806321312,,,,,,,,,False
2026-01-17,Chelsea,Brentford,H,2,0,0.4804198070597016,0.23489414900978672,0.28468599439562375,0.4061849535399346,0.7330949592771686,,,,,,,,,False
2026-01-17,Leeds,Fulham,H,1,0,0.27554924748711696,0.2274797256938442,0.4969709342246636,0.8235560278823639,1.2889889096052083,,,,,,,,,False
2026-01-17,Liverpool,Burnley,D,1,1,0.8189547094935151,0.11519480136569867,0.06583125858261468,1.4579008103384643,2.1611306587724672,,,,,,,,,False
2026-01-17,Sunderland,Crystal Palace,H,2,1,0.1746194624873592,0.22654244637326781,0.5988380157928981,1.091181480872216,1.7451461727890762,,,,,,,,,True
2026-01-17,Tottenham,West Ham,A,1,2,0.528717793158254,0.2122786825024597,0.259003199516274,0.8736810021742332,1.3509148640142141,,,,,,,,,False
2026-01-17,Nott'm Forest,Arsenal,D,0,0,0.18213499447927248,0.22857787939687282,0.5892870568328541,0.9755244797205178,1.4758782978465026,,,,,,,,,False
2026-01-18,Wolves,Newcastle,D,0,0,0.22611549518436466,0.21426504478287606,0.5596192100747203,0.9816812972971801,1.5405415032794019,,,,,,,,,False
2026-01-18,Aston Villa,Everton,A,0,1,0.48045789440772146,0.27423647373814036,0.24530562853930424,0.8756090261414855,1.4052503824476963,,,,,,,,,False
2026-01-19,Brighton,Bournemouth,D,1,1,0.4560862062399791,0.2368837968681832,0.30702995868164906,0.8846283625327522,1.4401855666606258,,,,,,,,,False
2026-01-24,West Ham,Sunderland,H,3,1,0.6127172910034494,0.21458199102174347,0.17270055082405555,0.2258588078134947,0.4898516386540383,,,,,,,,,True
2026-01-24,Burnley,Tottenham,D,2,2,0.24249759487829187,0.20945492664402146,0.5480470857160917,0.9841222046910669,1.5632467100513487,,,,,,,,,False
2026-01-24,Fulham,Brighton,H,2,1,0.39534407750252115,0.2385976453787956,0.36605825174300816,0.5565362646607301,0.9279988109681476,,,,,,,,,False
2026-01-24,Man City,Wolves,H,2,0,0.7457266994108256,0.15490772135992203,0.09936256642300074,0.09852423313560113,0.2933961005798231,,,,,,,,,False
2026-01-24,Bournemouth,Liverpool,H,3,2,0.22340421109190275,0.21991112498011142,0.556684503982977,0.9613595592145812,1.4987725425161786,,,,,,,,,False
2026-01-25,Brentford,Nott'm Forest,A,0,2,0.46495890790449323,0.2405669254964629,0.2944741365061561,0.7718259757412939,1.222564101457893,,,,,,,,,False
2026-01-25,Crystal Palace,Chelsea,A,1,3,0.34156381007038134,0.25917687372557363,0.39925931114207125,0.5447278634734563,0.9181441705758127,,,,,,,,,False
2026-01-25,Newcastle,Aston Villa,A,0,2,0.5024977674053422,0.2256160783468842,0.271886045852779,0.8335565512798823,1.302372249540486,,,,,,,,,False
2026-01-25,Arsenal,Man United,A,2,3,0.6693791532591141,0.20252778102022523,0.1280928537921949,1.2493080245111037,2.05499985780109,,,,,,,,,False
2026-01-26,Everton,Leeds,D,1,1,0.5201320293501339,0.25274928691837495,0.2271186686257863,0.8805038457952354,1.375357242377821,,,,,,,,,False
2026-01-31,Brighton,Everton,D,1,1,0.46074352464385043,0.2665011322365022,0.2727553383573981,0.8247006591140303,1.3223767868430407,,,,,,,,,False
2026-01-31,Leeds,Arsenal,A,0,4,0.09464024277284765,0.15008990338763625,0.75526611640233,0.09137842843181142,0.2806851197807285,,,,,,,,,False
2026-01-31,Wolves,Bournemouth,A,0,2,0.3400716432005167,0.2526534474923726,0.4072749006795123,0.5308055304033628,0.8982668898958419,,,,,,,,,False
2026-01-31,Chelsea,West Ham,H,3,2,0.5887887178268141,0.21572866545660885,0.19548242989437328,0.2538469560836136,0.5296878730506192,,,,,,,,,False
2026-01-31,Liverpool,Newcastle,H,4,1,0.5280270909266693,0.21351206492958047,0.25846055130143486,0.3351476853486775,0.638607688018878,,,,,,,,,False
2026-02-01,Aston Villa,Brentford,A,0,1,0.45512293490199507,0.23561028449599153,0.3092667385838894,0.7397615304606247,1.173551142791492,,,,,,,,,False
2026-02-01,Man United,Fulham,H,3,2,0.3980436002861441,0.2633274753450036,0.33862892066222966,0.5463624123369076,0.9211937312400449,,,,,,,,,False
2026-02-01,Nott'm Forest,Crystal Palace,D,1,1,0.39049750168467456,0.26365160705596036,0.34585088777923617,0.814310091190928,1.3331267176100106,,,,,,,,,False
2026-02-01,Tottenham,Man City,D,2,2,0.20278751076580168,0.19608931522781856,0.6011222799140209,1.0487431590224983,1.6291850336088987,,,,,,,,,False
2026-02-02,Sunderland,Burnley,H,3,0,0.32604902432236416,0.2587658726163834,0.41518509730365455,0.6935483594708008,1.120707527564627,,,,,,,,,True
2026-02-06,Leeds,Nott'm Forest,H,3,1,0.2804987286377589,0.23109219486746818,0.4884090082358547,0.8096290413464764,1.271186086515366,,,,,,,,,False
2026-02-07,Man United,Tottenham,H,2,0,0.40494636682680457,0.23761466580346247,0.35743893909898816,0.5383121509417212,0.904000648233042,,,,,,,,,False
2026-02-07,Arsenal,Sunderland,H,3,0,0.8674618889154041,0.09591752695831354,0.03660406375695679,0.028106380351194848,0.14218370021215465,,,,,,,,,True
2026-02-07,Bournemouth,Aston Villa,D,1,1,0.3558058200032451,0.2526512213908905,0.39154295055401894,0.8384338605652564,1.3757453129361323,,,,,,,,,False
2026-02-07,Burnley,West Ham,A,0,2,0.3154425692725062,0.24554720198831625,0.4390102108652208,0.47450698642701494,0.8232326068033815,,,,,,,,,False
2026-02-07,Fulham,Everton,A,1,2,0.4186306918270272,0.2895091618518636,0.29186014553601275,0.7605292644160209,1.2314805450925803,,,,,,,,,False
2026-02-07,Wolves,Chelsea,A,1,3,0.26152957294773455,0.23699437686058789,0.5014760053688627,0.37309022541274894,0.6901995184498894,,,,,,,,,False
2026-02-07,Newcastle,Brentford,A,2,3,0.5383484835710226,0.21414896287844876,0.24750228172168479,0.9019316840792055,1.3963354779383732,,,,,,,,,False
2026-02-08,Brighton,Crystal Palace,A,0,1,0.43864547343250426,0.24209119962885758,0.31926330371806716,0.7144204499654055,1.1417391131505221,,,,,,,,,False
2026-02-08,Liverpool,Man City,A,1,2,0.39499274279842295,0.2381064906897351,0.3669007400875407,0.6135286406737057,1.002663930486002,,,,,,,,,False
2026-02-10,Chelsea,Leeds,D,2,2,0.6873411151780385,0.17364182734402178,0.13901505865624283,1.1746308246627157,1.7507605648557052,,,,,,,,,False
2026-02-10,Everton,Bournemouth,A,1,2,0.36168465996233207,0.2971643690584127,0.34115097067793343,0.6532044989285817,1.075430170413501,,,,,,,,,False
2026-02-10,Tottenham,Newcastle,A,1,2,0.306441956178363,0.21160350895621033,0.48195419359025643,0.4070541750477242,0.7299062034926689,,,,,,,,,False
2026-02-10,West Ham,Man United,D,1,1,0.3539500463654862,0.2601834899353828,0.38586645927175905,0.8215020282772438,1.3463681663565878,,,,,,,,,False
2026-02-11,Aston Villa,Brighton,H,1,0,0.4659584045142694,0.2294924988799306,0.3045490248143638,0.4306173412664796,0.7636589095394571,,,,,,,,,False
2026-02-11,Crystal Palace,Burnley,A,2,3,0.6093282795066285,0.21582974121653917,0.17484182287447655,1.098749446677223,1.7438735830834886,,,,,,,,,False
2026-02-11,Man City,Fulham,H,3,0,0.6680856542742931,0.18991325625248226,0.14200045845650047,0.16639830800080138,0.4033388887040924,,,,,,,,,False
2026-02-11,Nott'm Forest,Wolves,D,0,0,0.4909330038251693,0.2423499683873139,0.26671699845326746,0.8861867419114281,1.4173724471330387,,,,,,,,,False
2026-02-11,Sunderland,Liverpool,A,0,1,0.06848933470461575,0.12466513675429297,0.8068356676492563,0.05754464458275602,0.2146352650923781,,,,,,,,,True
2026-02-12,Brentford,Arsenal,D,1,1,0.20974993422747037,0.22641834152683388,0.5638316308283128,0.9603297251570371,1.485370922123447,,,,,,,,,False
2026-02-18,Wolves,Arsenal,D,2,2,0.13689512943475055,0.19552384431516215,0.6675806358713354,1.1115860669187891,1.6320729411874848,,,,,,,,,False
2026-02-21,Aston Villa,Leeds,D,1,1,0.6652095660124824,0.18012457404733512,0.15466422102284272,1.1386205020601816,1.7141065894267453,,,,,,,,,False
2026-02-21,Brentford,Brighton,A,0,2,0.44019879259873385,0.22703964414604752,0.3327614844174859,0.6905292136961039,1.100329308651151,,,,,,,,,False
2026-02-21,Chelsea,Burnley,D,1,1,0.692770660584564,0.17957507636584197,0.1276532541912648,1.1693235967925069,1.7171619057626013,,,,,,,,,False
2026-02-21,West Ham,Bournemouth,D,0,0,0.3443638691051426,0.25300433203102324,0.4026317906628213,0.8387013611618315,1.374348667748942,,,,,,,,,False
2026-02-21,Man City,Newcastle,H,2,1,0.55039291615789,0.21726710460424337,0.23233977656333688,0.3033332963576187,0.5971228627984977,,,,,,,,,False
2026-02-22,Crystal Palace,Wolves,H,1,0,0.5079477510938882,0.24243793764807883,0.24961428083979634,0.36319885846378464,0.6773766888706885,,,,,,,,,False
2026-02-22,Nott'm Forest,Liverpool,A,0,1,0.21827674445266382,0.21797690792107893,0.5637461664406704,0.28547607685089926,0.5731511882936107,,,,,,,,,False
2026-02-22,Sunderland,Fulham,A,1,3,0.18315664663159942,0.22354411372447705,0.5932991413864291,0.24892391638321026,0.522056552901413,,,,,,,,,True
2026-02-22,Tottenham,Arsenal,A,1,4,0.18724771520514924,0.20150822657748996,0.6112435577767644,0.22679884359802163,0.4922597776731117,,,,,,,,,False
2026-02-23,Everton,Man United,A,0,1,0.3682494744972172,0.30487877236879535,0.32687175294332627,0.6816603782941708,1.1181873778464722,,,,,,,,,False
2026-02-27,Wolves,Aston Villa,H,2,0,0.2844619350790766,0.23854367929260756,0.47699434862474405,0.7964214179011779,1.2571558302228338,,,,,,,,,False
2026-02-28,Bournemouth,Sunderland,D,1,1,0.674695732749782,0.19502948397873543,0.1302744226156512,1.1201632886421475,1.6346045319569908,,,,,,,,,True
2026-02-28,Burnley,Brentford,A,3,4,0.22101427742679636,0.21785571676733595,0.5611298206321446,0.2889154584930722,0.5778029909039881,,,,,,,,,False
2026-02-28,Liverpool,West Ham,H,5,2,0.7303353974665162,0.1567518825382279,0.11290880654612746,0.11003854913449103,0.3142514017696146,,,,,,,,,False
2026-02-28,Newcastle,Everton,A,2,3,0.5562056560128049,0.2454816546235823,0.19831266518197388,1.0123285573449963,1.6179103767012877,,,,,,,,,False
2026-02-28,Leeds,Man City,A,0,1,0.10114313606658606,0.1457694550488346,0.7530808794701553,0.0924477200818501,0.2835826472953267,,,,,,,,,False
2026-03-01,Brighton,Nott'm Forest,H,2,1,0.46310932755615886,0.2358594409731161,0.30103118866557077,0.4345010466027572,0.7697921241388677,,,,,,,,,False
2026-03-01,Fulham,Tottenham,H,2,1,0.4236793542663021,0.22839087419829482,0.34792970577377247,0.5053629582757918,0.858778349781814,,,,,,,,,False
2026-03-01,Man United,Crystal Palace,H,2,1,0.38008527214511684,0.27109525602918344,0.34881946988975715,0.5794619302270936,0.9673596510538189,,,,,,,,,False
2026-03-01,Arsenal,Chelsea,H,2,1,0.5880450743235383,0.22603266398917854,0.1859221772705677,0.2553646819801724,0.5309516770086886,,,,,,,,,False
2026-03-03,Bournemouth,Brentford,D,0,0,0.3854445112074883,0.24689603221317855,0.36765944402163175,0.8509065242945287,1.3987879531806338,,,,,,,,,False
2026-03-03,Everton,Burnley,H,2,0,0.5284867761622071,0.26421888136172256,0.20729433522434298,0.3351072789380509,0.637737495437664,,,,,,,,,False
2026-03-03,Leeds,Sunderland,A,0,1,0.5486471868309231,0.22321330082751653,0.22813938580493281,0.9466067210293876,1.4777984955709271,,,,,,,,,True
2026-03-03,Wolves,Liverpool,H,2,1,0.16376994139954362,0.1885527102702492,0.6476763537683095,1.1543174946877917,1.8092926323421041,,,,,,,,,False
2026-03-04,Aston Villa,Chelsea,A,1,4,0.39382921966181883,0.2484970926405143,0.3576736764419552,0.6294353652458196,1.0281342265854427,,,,,,,,,False
2026-03-04,Brighton,Arsenal,A,0,1,0.20464529576425602,0.21860858949150244,0.57674595400109,0.26881339993235154,0.5503533971222087,,,,,,,,,False
2026-03-04,Fulham,West Ham,A,0,1,0.49451996893059436,0.2394547256569971,0.2660252687171212,0.8406074714723579,1.3241639795350468,,,,,,,,,False
2026-03-04,Man City,Nott'm Forest,D,2,2,0.6697505242827738,0.1908175206273727,0.13943138920537232,1.122783161996423,1.656437696996321,,,,,,,,,False
2026-03-04,Newcastle,Man United,H,2,1,0.5691178455879263,0.22135579096632949,0.20952622853105793,0.2785590576275686,0.563667756303765,,,,,,,,,False
2026-03-05,Tottenham,Crystal Palace,A,1,3,0.4229076763611035,0.23424898392837523,0.34284329964107557,0.6655784180232533,1.0704817885634108,,,,,,,,,False
2026-03-14,Burnley,Bournemouth,D,0,0,0.24981217166870032,0.24018674428942333,0.5100010481058119,0.899823373736365,1.4263385569980185,,,,,,,,,False
2026-03-14,Sunderland,Brighton,A,0,1,0.16011940813468037,0.19547957576299343,0.6444004547987249,0.19030152594923394,0.4394349219087337,,,,,,,,,True
2026-03-14,Arsenal,Everton,H,2,0,0.6455136112718481,0.22986738853364327,0.12461896179574193,0.1940295017438519,0.4377089825167508,,,,,,,,,False
2026-03-14,Chelsea,Newcastle,A,0,1,0.38256854274488467,0.23930967881652804,0.3781217549223916,0.5903603639740205,0.9725390322572841,,,,,,,,,False
2026-03-14,West Ham,Man City,D,1,1,0.1500597157146597,0.19154481289356648,0.6583948295817488,1.1096014594596428,1.6526334878494038,,,,,,,,,False
2026-03-15,Crystal Palace,Leeds,D,0,0,0.6004693773095191,0.2081249223465365,0.1914053837298229,1.0242656326159212,1.5696167913572328,,,,,,,,,False
2026-03-15,Man United,Aston Villa,H,3,1,0.3406992120364378,0.258756420562489,0.4005443621422908,0.6620682002356602,1.076755267096177,,,,,,,,,False
2026-03-15,Nott'm Forest,Fulham,D,0,0,0.40894045353566333,0.2559426428293753,0.33511689683328616,0.8331569798408599,1.3628019110536027,,,,,,,,,False
2026-03-15,Liverpool,Tottenham,D,1,1,0.6786428302188895,0.16567875990075842,0.15567302411681957,1.1808821131259166,1.797704546828914,,,,,,,,,False
2026-03-16,Brentford,Wolves,D,2,2,0.5481216889641266,0.21982771078131666,0.232050434315858,0.9629535908437858,1.514911172250665,,,,,,,,,False
2026-03-20,Bournemouth,Man United,D,2,2,0.4206071605615998,0.2646156622436545,0.3147771732317027,0.8167851765207716,1.3294768369001788,,,,,,,,,False
2026-03-21,Brighton,Liverpool,H,2,1,0.24671275756933117,0.20888949230626064,0.5443973325367171,0.9074449452778613,1.3995305438964525,,,,,,,,,False
2026-03-21,Fulham,Burnley,H,3,1,0.6032748469160141,0.21321628967067094,0.18350865998698948,0.23652746156066004,0.505382386902482,,,,,,,,,False
2026-03-21,Everton,Chelsea,H,3,0,0.29167453262912657,0.287869476851358,0.4204559896367774,0.7613770426502826,1.2321167126421413,,,,,,,,,False
2026-03-21,Leeds,Brentford,D,0,0,0.24316383007088554,0.21002729806661877,0.5468084962156696,0.9821850495883112,1.5605177659193168,,,,,,,,,False
2026-03-22,Newcastle,Sunderland,A,1,2,0.8112646438436086,0.12226647054048426,0.06645799821888206,1.5446000812586211,2.711185136598353,,,,,,,,,True
2026-03-22,Aston Villa,West Ham,H,2,0,0.565421644689572,0.22006520927622306,0.2145129939186748,0.28330286779805786,0.5701835523726636,,,,,,,,,False
2026-03-22,Tottenham,Nott'm Forest,A,0,3,0.4475814008097089,0.22888839894120355,0.3235301304982445,0.7103304938643709,1.12846303028023,,,,,,,,,False
2026-04-10,West Ham,Wolves,H,4,0,0.4259244793524064,0.2452338526639226,0.3288416510581938,0.49783917736987504,0.8534932269439379,,,,,,,,,False
2026-04-11,Arsenal,Bournemouth,A,1,2,0.6670129051800993,0.19964226928303902,0.13334454679634525,1.2358549259289098,2.014818923105964,,,,,,,,,False
2026-04-11,Brentford,Everton,D,2,2,0.4611056861424232,0.2720656418235568,0.26682866868934574,0.813704422041154,1.3017119115679316,,,,,,,,,False
2026-04-11,Burnley,Brighton,A,0,2,0.2253335028060114,0.2137924436777828,0.5608737950869479,0.2893142203018845,0.5782593629620696,,,,,,,,,False
2026-04-11,Liverpool,Fulham,H,2,0,0.6534762726974036,0.18867412308493045,0.15784870536418974,0.18059283209070248,0.4254490546146511,,,,,,,,,False
2026-04-12,Crystal Palace,Newcastle,H,2,1,0.30680252667853175,0.24248074169217715,0.4507167074813604,0.7424651975136943,1.1815509739345136,,,,,,,,,False
2026-04-12,Nott'm Forest,Aston Villa,D,1,1,0.3497309956991039,0.25222443265039657,0.39804456312216824,0.8399195427088256,1.377435982069165,,,,,,,,,False
2026-04-12,Sunderland,Tottenham,H,1,0,0.17183832690966128,0.19219376109142564,0.6359670661046887,1.1272443077480625,1.7612012040354945,,,,,,,,,True
2026-04-12,Chelsea,Man City,A,0,3,0.27146896817993804,0.24033712055292958,0.4881938775512193,0.39340283917640984,0.7170426619638169,,,,,,,,,False
2026-04-13,Man United,Leeds,A,1,2,0.5688647633995481,0.21906225560255493,0.21207281903585876,0.9924246333694016,1.5508255772697404,,,,,,,,,False
2026-04-18,Brentford,Fulham,D,0,0,0.46112731794712786,0.23869227446885952,0.3001803735211557,0.8823361129578104,1.4325801111847414,,,,,,,,,False
2026-04-18,Leeds,Wolves,H,3,0,0.35178775255799105,0.23334854546226994,0.4148636601742084,0.6467425179363183,1.0447272609345148,,,,,,,,,False
2026-04-18,Newcastle,Bournemouth,A,1,2,0.5627308938187587,0.21826248110465601,0.2190064471685484,0.9742554990803127,1.518654110473167,,,,,,,,,False
2026-04-18,Tottenham,Brighton,D,2,2,0.4185306843181237,0.21524517043421154,0.3662239366791667,0.9251280480394128,1.5359775729331575,,,,,,,,,False
2026-04-18,Chelsea,Man United,A,0,1,0.5117489569411087,0.24601447823219064,0.2422365410997705,0.8966155780746097,1.4178405876503428,,,,,,,,,False
2026-04-19,Aston Villa,Sunderland,H,4,3,0.7414793889441359,0.1612482164995375,0.09727062425485294,0.10229546800790787,0.2991079142245499,,,,,,,,,True
2026-04-19,Everton,Liverpool,A,1,2,0.20202355376560752,0.24726294011954097,0.5507134844413184,0.30381085089550647,0.5965405970114476,,,,,,,,,False
2026-04-19,Nott'm Forest,Burnley,H,4,1,0.5940769685478174,0.2180131424419153,0.18790973921217197,0.24761330783151492,0.5207463913339976,,,,,,,,,False
2026-04-19,Man City,Arsenal,H,2,1,0.38820837420378473,0.2621564468081576,0.3496351751382861,0.5652597516914346,0.9462130365999774,,,,,,,,,False
2026-04-20,Crystal Palace,West Ham,D,0,0,0.503155771179243,0.24351624858155027,0.2533279523645159,0.889608447680308,1.4125716093981118,,,,,,,,,False
2026-04-21,Brighton,Chelsea,H,3,0,0.36574608427987393,0.2373883293555407,0.39686555818264757,0.6161335197921519,1.0058159451409248,,,,,,,,,False
2026-04-22,Bournemouth,Leeds,D,2,2,0.5903644376589303,0.20851920897715553,0.201116019911865,1.0154196652756824,1.5677241126000951,,,,,,,,,False
2026-04-22,Burnley,Man City,A,0,1,0.09359687848627456,0.15107652237927546,0.7553232503049818,0.09145120311790875,0.2806094752621872,,,,,,,,,False
2026-04-24,Sunderland,Nott'm Forest,A,0,5,0.18733199278629512,0.2284638426452727,0.5842040924367663,0.26017523966386163,0.5375048838548706,,,,,,,,,True
2026-04-25,Fulham,Aston Villa,H,1,0,0.35633954576283466,0.24973052989179192,0.3939299141361082,0.6318448951601108,1.031871222456781,,,,,,,,,False
2026-04-25,Liverpool,Crystal Palace,H,3,1,0.6297850535114635,0.2009467176999209,0.16926780368518665,0.20609027932228852,0.46237670271580855,,,,,,,,,False
2026-04-25,West Ham,Everton,H,2,1,0.3568817092240148,0.2895048838776161,0.3536134063977975,0.6224566549038705,1.030350898821392,,,,,,,,,False
2026-04-25,Wolves,Tottenham,A,0,1,0.3414542647558836,0.22464624677434697,0.4338993942009507,0.4875268469958325,0.8349425823508493,,,,,,,,,False
2026-04-25,Arsenal,Newcastle,H,1,0,0.5612294982165789,0.22423109052800855,0.21453929949862469,0.2888262462240157,0.5776253693829254,,,,,,,,,False
2026-04-27,Man United,Brentford,H,2,1,0.36917277748237043,0.2533887646060424,0.3774384505327199,0.6046086346384237,0.9964905128683064,,,,,,,,,False
2026-05-01,Leeds,Burnley,H,3,1,0.4594056764972425,0.23108781463977496,0.3095064474385841,0.441438041684444,0.7778216324751311,,,,,,,,,False
2026-05-02,Brentford,West Ham,H,3,0,0.5430666362867024,0.22107842638924766,0.2358547850696079,0.3132912491293257,0.6105232478174915,,,,,,,,,False
2026-05-02,Newcastle,Brighton,H,3,1,0.5508204135503425,0.20741223621816454,0.24176688685712536,0.30323336419669106,0.596346451176163,,,,,,,,,False
2026-05-02,Wolves,Sunderland,D,1,1,0.6083034535754438,0.2160032493191758,0.1756931413654689,1.015552076632769,1.5324618282667866,,,,,,,,,True
2026-05-02,Arsenal,Fulham,H,3,0,0.6719512057381233,0.1958652250254137,0.132183216963653,0.16345160063778724,0.39756955160400326,,,,,,,,,False
2026-05-03,Bournemouth,Crystal Palace,H,3,0,0.3965244474245907,0.26357671237601465,0.3398988365905613,0.549186644978761,0.9250175817384294,,,,,,,,,False
2026-05-03,Man United,Liverpool,H,3,2,0.21372442417597998,0.22307882141019955,0.5631966331919895,0.9851838893379505,1.5430678313021275,,,,,,,,,False
2026-05-03,Aston Villa,Tottenham,A,1,2,0.4977922564450197,0.2169663154643771,0.28524120837431544,0.8057516428290207,1.254420111488575,,,,,,,,,False
2026-05-04,Chelsea,Nott'm Forest,A,1,3,0.5118494411369927,0.24027216689191394,0.24787835616588663,0.8854075316989164,1.394817152482405,,,,,,,,,False
2026-05-04,Everton,Man City,D,3,3,0.18289335217324312,0.25239400677150264,0.5647126261270915,0.9112650494876902,1.3767638935593458,,,,,,,,,False
2026-05-09,Liverpool,Chelsea,D,1,1,0.5612024327662968,0.21571530823571428,0.22308203872243654,0.9798162442791691,1.533795758074152,,,,,,,,,False
2026-05-09,Brighton,Wolves,H,3,0,0.5475480525263003,0.21574727699518123,0.2367044386810706,0.30728864359489966,0.6023050539714692,,,,,,,,,False
2026-05-09,Fulham,Bournemouth,A,0,1,0.41371722628598,0.2558093185933783,0.33047344804478507,0.6848661545780124,1.107228961662703,,,,,,,,,False
2026-05-09,Sunderland,Man United,D,0,0,0.1925139866260761,0.2383653296898601,0.5691206456723114,0.9410473153955691,1.4339507835200584,,,,,,,,,True
2026-05-09,Man City,Brentford,H,3,0,0.6464774470429123,0.19178638329284797,0.1617354142809443,0.18791855649847672,0.4362169660764482,,,,,,,,,False
2026-05-10,Burnley,Aston Villa,D,2,2,0.20080355954778387,0.21635057684676004,0.5828456783596897,0.994137572718033,1.5308551460482849,,,,,,,,,False
2026-05-10,Crystal Palace,Everton,D,2,2,0.4256124858782026,0.2959956527887657,0.2783918607539686,0.7542701371617964,1.2174105112903648,,,,,,,,,False
2026-05-10,Nott'm Forest,Newcastle,D,1,1,0.28887335315664286,0.2357861982152277,0.4753404032560695,0.8934190479699405,1.4448298243339526,,,,,,,,,False
2026-05-10,West Ham,Arsenal,A,0,1,0.1395067195111695,0.19739349279327467,0.6630994293456203,0.17192831029314343,0.4108303311933885,,,,,,,,,False
2026-05-11,Tottenham,Leeds,D,1,1,0.6337878465852314,0.17793409183058675,0.1882746961436752,1.1129267530615403,1.7263420678718233,,,,,,,,,False
2026-05-13,Man City,Crystal Palace,H,3,0,0.644600623750806,0.20290533511745637,0.1524937440049287,0.1907336336180842,0.43912434194565814,,,,,,,,,False
2026-05-15,Aston Villa,Liverpool,H,4,2,0.2768999303923591,0.22678787239572998,0.4963120994873893,0.8206321498299373,1.2840991001871265,,,,,,,,,False
2026-05-17,Man United,Nott'm Forest,H,3,2,0.4017030813909177,0.2659088898356251,0.3323880256237485,0.5391485400887911,0.9120420667702506,,,,,,,,,False
2026-05-17,Brentford,Crystal Palace,D,2,2,0.440757574780155,0.24707223518186958,0.31217017392561425,0.8586176762488581,1.3980745349803365,,,,,,,,,False
2026-05-17,Everton,Sunderland,A,1,3,0.5975910437498201,0.2488035550964258,0.15360538478744828,1.1354021092594229,1.8733684016731051,,,,,,,,,True
2026-05-17,Leeds,Brighton,H,1,0,0.2481555641271157,0.2062497342334899,0.5455941786643231,0.9054820164167982,1.3936994547655883,,,,,,,,,False
2026-05-17,Wolves,Fulham,D,1,1,0.34185631167605723,0.249781985466262,0.40836169204591827,0.8464520786943068,1.3871667997187451,,,,,,,,,False
2026-05-17,Newcastle,West Ham,H,3,1,0.6487060193026273,0.18816651467845963,0.16312645170276202,0.18542433736557862,0.4327756397825495,,,,,,,,,False
2026-05-18,Arsenal,Burnley,H,1,0,0.8235343779698401,0.1199149530768136,0.05654269384626417,0.04871678795729803,0.19414998406719153,,,,,,,,,False
2026-05-19,Bournemouth,Man City,D,1,1,0.2012880937704554,0.22344123742602143,0.575270557762925,0.9744966230530394,1.4986068192920696,,,,,,,,,False
2026-05-19,Chelsea,Tottenham,H,2,1,0.5245047968915978,0.2147605209711906,0.26073441731658314,0.34020020592033606,0.6453007055410901,,,,,,,,,False
2026-05-24,Brighton,Man United,A,0,3,0.46484582965513327,0.24148170526609222,0.2936724370061868,0.7732936855707683,1.2252902926238425,,,,,,,,,False
2026-05-24,Burnley,Wolves,D,1,1,0.3197464728538996,0.24590741154727266,0.43434609869337476,0.8595499723119988,1.402800189721027,,,,,,,,,False
2026-05-24,Crystal Palace,Arsenal,A,1,2,0.1960337462034695,0.2395075804586921,0.5644586376433963,0.2854893890711895,0.5718881706307559,,,,,,,,,False
2026-05-24,Fulham,Newcastle,H,2,0,0.29450704312199877,0.23402303385238502,0.471469871803043,0.7747709325959178,1.2224523606518534,,,,,,,,,False
2026-05-24,Liverpool,Brentford,D,1,1,0.6292474065128608,0.19054535226454117,0.1802061661595764,1.0836433876656302,1.6578650431193216,,,,,,,,,False
2026-05-24,Man City,Aston Villa,A,1,2,0.610762962266349,0.2075171602800619,0.18171957525346233,1.0856776214104404,1.7052905754618022,,,,,,,,,False
2026-05-24,Nott'm Forest,Bournemouth,D,1,1,0.40630596208375225,0.2589971694179084,0.33469686315637615,0.8261917199621934,1.3509381462307046,,,,,,,,,False
2026-05-24,Sunderland,Chelsea,H,2,1,0.12907250732821635,0.19003402253481821,0.6808929740894866,1.2582428693767496,2.047380960212186,,,,,,,,,True
2026-05-24,Tottenham,Everton,H,1,0,0.4491005903681157,0.2583961126327697,0.2925032894441476,0.4558168848921323,0.8005083843310461,,,,,,,,,False
2026-05-24,West Ham,Leeds,H,3,0,0.516627274736476,0.22119208268297708,0.262180486316838,0.35131373637565294,0.6604336030890878,,,,,,,,,False
