date,home_team,away_team,home_rest_days,home_form_matches,home_form_points,home_form_goals_for,home_form_goals_against,away_rest_days,away_form_matches,away_form_points,away_form_goals_for,away_form_goals_against,h2h_matches,h2h_home_team_wins,h2h_draws,h2h_away_team_wins
2022-08-05,Crystal Palace,Arsenal,,0,0,0,0,,0,0,0,0,0,0,0,0
2022-08-06,Fulham,Liverpool,,0,0,0,0,,0,0,0,0,0,0,0,0
2022-08-06,Bournemouth,Aston Villa,,0,0,0,0,,0,0,0,0,0,0,0,0
2022-08-06,Leeds,Wolves,,0,0,0,0,,0,0,0,0,0,0,0,0
2022-08-06,Newcastle,Nott'm Forest,,0,0,0,0,,0,0,0,0,0,0,0,0
2022-08-06,Tottenham,Southampton,,0,0,0,0,,0,0,0,0,0,0,0,0
2022-08-06,Everton,Chelsea,,0,0,0,0,,0,0,0,0,0,0,0,0
2022-08-07,Leicester,Brentford,,0,0,0,0,,0,0,0,0,0,0,0,0
2022-08-07,Man United,Brighton,,0,0,0,0,,0,0,0,0,0,0,0,0
2022-08-07,West Ham,Man City,,0,0,0,0,,0,0,0,0,0,0,0,0
2022-08-13,Aston Villa,Everton,7.0,1,0,0,2,7.0,1,0,0,1,0,0,0,0
2022-08-13,Arsenal,Leicester,8.0,1,3,2,0,6.0,1,1,2,2,0,0,0,0
2022-08-13,Brighton,Newcastle,6.0,1,3,2,1,7.0,1,3,2,0,0,0,0,0
2022-08-13,Man City,Bournemouth,6.0,1,3,2,0,7.0,1,3,2,0,0,0,0,0
2022-08-13,Southampton,Leeds,7.0,1,0,1,4,7.0,1,3,2,1,0,0,0,0
2022-08-13,Wolves,Fulham,7.0,1,0,1,2,7.0,1,1,2,2,0,0,0,0
2022-08-13,Brentford,Man United,6.0,1,1,2,2,6.0,1,0,1,2,0,0,0,0
2022-08-14,Nott'm Forest,West Ham,8.0,1,0,0,2,7.0,1,0,0,2,0,0,0,0
2022-08-14,Chelsea,Tottenham,8.0,1,3,1,0,8.0,1,3,4,1,0,0,0,0
2022-08-15,Liverpool,Crystal Palace,9.0,1,1,2,2,10.0,1,0,0,2,0,0,0,0
2022-08-20,Tottenham,Wolves,6.0,2,4,6,3,7.0,2,1,1,2,0,0,0,0
2022-08-20,Crystal Palace,Aston Villa,5.0,2,1,1,3,7.0,2,3,2,3,0,0,0,0
2022-08-20,Everton,Nott'm Forest,7.0,2,0,1,3,6.0,2,3,1,2,0,0,0,0
2022-08-20,Fulham,Brentford,7.0,2,2,2,2,7.0,2,4,6,2,0,0,0,0
2022-08-20,Leicester,Southampton,7.0,2,1,4,6,7.0,2,1,3,6,0,0,0,0
2022-08-20,Bournemouth,Arsenal,7.0,2,3,2,4,7.0,2,6,6,2,0,0,0,0
2022-08-21,Leeds,Chelsea,8.0,2,4,4,3,7.0,2,4,3,2,0,0,0,0
2022-08-21,West Ham,Brighton,7.0,2,0,0,3,8.0,2,4,2,1,0,0,0,0
2022-08-21,Newcastle,Man City,8.0,2,4,2,0,8.0,2,6,6,0,0,0,0,0
2022-08-22,Man United,Liverpool,9.0,2,0,1,6,7.0,2,2,3,3,0,0,0,0
2022-08-27,Southampton,Man United,7.0,3,4,5,7,5.0,3,3,3,7,0,0,0,0
2022-08-27,Brentford,Everton,7.0,3,4,8,5,7.0,3,1,2,4,0,0,0,0
2022-08-27,Brighton,Leeds,6.0,3,7,4,1,6.0,3,7,7,3,0,0,0,0
2022-08-27,Chelsea,Leicester,6.0,3,4,3,5,7.0,3,1,5,8,0,0,0,0
2022-08-27,Liverpool,Bournemouth,5.0,3,2,4,5,7.0,3,3,2,7,0,0,0,0
2022-08-27,Man City,Crystal Palace,6.0,3,7,9,3,7.0,3,4,4,4,0,0,0,0
2022-08-27,Arsenal,Fulham,7.0,3,9,9,2,7.0,3,5,5,4,0,0,0,0
2022-08-28,Aston Villa,West Ham,8.0,3,3,3,6,7.0,3,0,0,5,0,0,0,0
2022-08-28,Wolves,Newcastle,8.0,3,1,1,3,7.0,3,5,5,3,0,0,0,0
2022-08-28,Nott'm Forest,Tottenham,8.0,3,4,2,3,8.0,3,7,7,3,0,0,0,0
2022-08-30,Crystal Palace,Brentford,3.0,4,4,6,8,3.0,4,5,9,6,0,0,0,0
2022-08-30,Fulham,Brighton,3.0,4,5,6,6,3.0,4,10,5,1,0,0,0,0
2022-08-30,Southampton,Chelsea,3.0,4,4,5,8,3.0,4,7,5,6,0,0,0,0
2022-08-30,Leeds,Everton,3.0,4,7,7,4,3.0,4,2,3,5,0,0,0,0
2022-08-31,Arsenal,Aston Villa,4.0,4,12,11,3,3.0,4,3,3,7,0,0,0,0
2022-08-31,Bournemouth,Wolves,4.0,4,3,2,16,3.0,4,2,2,4,0,0,0,0
2022-08-31,Man City,Nott'm Forest,4.0,4,10,13,5,3.0,4,4,2,5,0,0,0,0
2022-08-31,West Ham,Tottenham,3.0,4,3,1,5,3.0,4,10,9,3,0,0,0,0
2022-08-31,Liverpool,Newcastle,4.0,4,5,13,5,3.0,4,6,6,4,0,0,0,0
2022-09-01,Leicester,Man United,5.0,4,1,6,10,5.0,4,6,4,7,0,0,0,0
2022-09-03,Everton,Liverpool,4.0,5,3,4,6,3.0,5,8,15,6,0,0,0,0
2022-09-03,Brentford,Leeds,4.0,5,6,10,7,4.0,5,8,8,5,0,0,0,0
2022-09-03,Chelsea,West Ham,4.0,5,7,6,8,3.0,5,4,2,6,0,0,0,0
2022-09-03,Newcastle,Crystal Palace,3.0,5,6,7,6,4.0,5,5,7,9,0,0,0,0
2022-09-03,Nott'm Forest,Bournemouth,3.0,5,4,2,11,3.0,5,4,2,16,0,0,0,0
2022-09-03,Tottenham,Fulham,3.0,5,11,10,4,4.0,5,8,8,7,0,0,0,0
2022-09-03,Wolves,Southampton,3.0,5,3,2,4,4.0,5,7,7,9,0,0,0,0
2022-09-03,Aston Villa,Man City,3.0,5,3,4,9,3.0,5,13,19,5,0,0,0,0
2022-09-04,Brighton,Leicester,5.0,5,10,6,3,3.0,5,1,6,11,0,0,0,0
2022-09-04,Man United,Arsenal,3.0,5,9,5,7,4.0,5,15,13,4,0,0,0,0
2022-09-16,Aston Villa,Southampton,13.0,5,4,5,8,13.0,5,7,6,6,0,0,0,0
2022-09-16,Nott'm Forest,Fulham,13.0,5,4,4,12,13.0,5,7,7,7,0,0,0,0
2022-09-17,Wolves,Man City,14.0,5,6,2,2,14.0,5,11,18,6,0,0,0,0
2022-09-17,Newcastle,Bournemouth,14.0,5,4,5,6,14.0,5,4,3,18,0,0,0,0
2022-09-17,Tottenham,Leicester,14.0,5,11,8,4,13.0,5,0,6,14,0,0,0,0
2022-09-18,Brentford,Arsenal,15.0,5,8,13,7,14.0,5,12,12,7,0,0,0,0
2022-09-18,Everton,West Ham,15.0,5,4,4,5,15.0,5,4,3,6,0,0,0,0
2022-10-01,Arsenal,Tottenham,13.0,5,12,11,5,14.0,5,13,12,4,0,0,0,0
2022-10-01,Bournemouth,Brentford,14.0,5,5,4,15,13.0,5,5,9,10,0,0,0,0
2022-10-01,Crystal Palace,Chelsea,28.0,5,6,7,7,28.0,5,7,7,9,0,0,0,0
2022-10-01,Fulham,Newcastle,15.0,5,9,10,9,14.0,5,4,6,7,0,0,0,0
2022-10-01,Liverpool,Brighton,28.0,5,8,13,4,27.0,5,10,9,4,0,0,0,0
2022-10-01,Southampton,Everton,15.0,5,6,4,5,13.0,5,7,4,3,0,0,0,0
2022-10-01,West Ham,Wolves,13.0,5,4,3,6,14.0,5,5,2,5,0,0,0,0
2022-10-02,Man City,Man United,15.0,5,11,17,6,28.0,5,12,7,6,0,0,0,0
2022-10-02,Leeds,Aston Villa,29.0,5,5,8,9,16.0,5,4,4,7,0,0,0,0
2022-10-03,Leicester,Nott'm Forest,16.0,5,0,6,16,17.0,5,1,5,15,0,0,0,0
2022-10-08,Bournemouth,Leicester,7.0,5,6,4,12,5.0,5,3,9,14,0,0,0,0
2022-10-08,Chelsea,Wolves,7.0,5,9,7,8,7.0,5,5,2,6,0,0,0,0
2022-10-08,Man City,Southampton,6.0,5,13,20,6,7.0,5,3,3,6,0,0,0,0
2022-10-08,Newcastle,Brentford,7.0,5,6,7,5,7.0,5,6,7,7,0,0,0,0
2022-10-08,Brighton,Tottenham,7.0,5,10,12,7,7.0,5,10,12,7,0,0,0,0
2022-10-09,Crystal Palace,Leeds,8.0,5,5,7,8,7.0,5,5,6,7,0,0,0,0
2022-10-09,West Ham,Fulham,8.0,5,7,5,4,8.0,5,6,8,11,0,0,0,0
2022-10-09,Arsenal,Liverpool,8.0,5,12,11,6,8.0,5,8,15,6,0,0,0,0
2022-10-09,Everton,Man United,8.0,5,9,5,3,7.0,5,12,10,8,0,0,0,0
2022-10-10,Nott'm Forest,Aston Villa,7.0,5,0,4,18,8.0,5,5,3,4,0,0,0,0
2022-10-14,Brentford,Brighton,6.0,5,5,7,11,6.0,5,7,10,8,0,0,0,0
2022-10-15,Leicester,Crystal Palace,7.0,5,3,9,14,6.0,5,5,6,8,0,0,0,0
2022-10-15,Fulham,Bournemouth,6.0,5,6,8,12,7.0,5,9,6,4,0,0,0,0
2022-10-15,Wolves,Nott'm Forest,7.0,5,4,1,8,5.0,5,1,5,17,0,0,0,0
2022-10-15,Tottenham,Everton,7.0,5,10,11,7,6.0,5,8,5,4,0,0,0,0
2022-10-16,Aston Villa,Chelsea,6.0,5,6,4,4,8.0,5,12,10,5,0,0,0,0
2022-10-16,Leeds,Arsenal,7.0,5,2,4,9,7.0,5,12,12,7,0,0,0,0
2022-10-16,Man United,Newcastle,7.0,5,12,10,8,8.0,5,8,11,5,0,0,0,0
2022-10-16,Southampton,West Ham,8.0,5,3,3,9,7.0,5,7,7,5,0,0,0,0
2022-10-16,Liverpool,Man City,7.0,5,8,16,7,8.0,5,13,20,4,0,0,0,0
2022-10-18,Brighton,Nott'm Forest,4.0,5,4,9,10,3.0,5,1,5,12,0,0,0,0
2022-10-18,Crystal Palace,Wolves,3.0,5,6,4,4,3.0,5,6,2,8,0,0,0,0
2022-10-19,Bournemouth,Southampton,4.0,5,9,8,6,3.0,5,1,2,9,0,0,0,0
2022-10-19,Brentford,Chelsea,5.0,5,7,8,10,3.0,5,12,10,4,0,0,0,0
2022-10-19,Liverpool,West Ham,3.0,5,8,8,7,3.0,5,7,7,5,0,0,0,0
2022-10-19,Newcastle,Everton,3.0,5,9,10,3,4.0,5,7,4,5,0,0,0,0
2022-10-19,Man United,Tottenham,3.0,5,10,9,8,4.0,5,12,12,6,0,0,0,0
2022-10-20,Fulham,Aston Villa,5.0,5,4,8,13,4.0,5,6,3,4,0,0,0,0
2022-10-20,Leicester,Leeds,5.0,5,4,9,13,4.0,5,2,4,9,0,0,0,0
2022-10-22,Nott'm Forest,Liverpool,4.0,5,2,3,9,3.0,5,8,7,6,0,0,0,0
2022-10-22,Everton,Crystal Palace,3.0,5,6,4,6,4.0,5,8,5,4,0,0,0,0
2022-10-22,Man City,Brighton,6.0,5,10,14,5,4.0,5,5,8,8,0,0,0,0
2022-10-22,Chelsea,Man United,3.0,5,13,9,2,3.0,5,10,10,8,0,0,0,0
2022-10-23,Aston Villa,Brentford,3.0,5,5,2,6,4.0,5,5,3,8,0,0,0,0
2022-10-23,Leeds,Fulham,3.0,5,1,3,10,3.0,5,7,10,11,0,0,0,0
2022-10-23,Southampton,Arsenal,4.0,5,4,3,8,7.0,5,12,11,6,0,0,0,0
2022-10-23,Wolves,Leicester,5.0,5,3,2,10,3.0,5,7,9,8,0,0,0,0
2022-10-23,Tottenham,Newcastle,4.0,5,9,10,7,4.0,5,11,11,3,0,0,0,0
2022-10-24,West Ham,Bournemouth,5.0,5,7,6,4,5.0,5,6,5,5,0,0,0,0
2022-10-29,Leicester,Man City,6.0,5,10,11,2,7.0,5,12,16,5,0,0,0,0
2022-10-29,Bournemouth,Tottenham,5.0,5,5,4,6,6.0,5,6,5,7,0,0,0,0
2022-10-29,Brentford,Wolves,6.0,5,5,3,9,6.0,5,3,2,11,0,0,0,0
2022-10-29,Brighton,Chelsea,7.0,5,2,4,9,7.0,5,11,8,2,0,0,0,0
2022-10-29,Crystal Palace,Southampton,7.0,5,7,5,7,6.0,5,5,4,8,0,0,0,0
2022-10-29,Newcastle,Aston Villa,6.0,5,13,12,3,6.0,5,5,5,6,0,0,0,0
2022-10-29,Fulham,Everton,6.0,5,7,10,11,7.0,5,6,6,6,0,0,0,0
2022-10-29,Liverpool,Leeds,7.0,5,7,7,7,6.0,5,1,3,8,0,0,0,0
2022-10-30,Arsenal,Nott'm Forest,7.0,5,13,11,4,8.0,5,5,2,6,0,0,0,0
2022-10-30,Man United,West Ham,8.0,5,8,8,8,6.0,5,10,8,3,0,0,0,0
2022-11-05,Leeds,Bournemouth,7.0,5,3,5,9,7.0,5,4,6,9,0,0,0,0
2022-11-05,Man City,Fulham,7.0,5,12,14,5,7.0,5,8,9,7,0,0,0,0
2022-11-05,Nott'm Forest,Brentford,6.0,5,5,2,7,7.0,5,5,4,10,0,0,0,0
2022-11-05,Wolves,Brighton,7.0,5,4,3,10,7.0,5,4,5,7,0,0,0,0
2022-11-05,Everton,Leicester,7.0,5,4,4,5,7.0,5,7,7,3,0,0,0,0
2022-11-06,Chelsea,Arsenal,8.0,5,8,7,5,7.0,5,13,13,4,0,0,0,0
2022-11-06,Aston Villa,Man United,8.0,5,4,5,10,7.0,5,11,6,2,0,0,0,0
2022-11-06,Southampton,Newcastle,8.0,5,5,3,7,8.0,5,13,12,2,0,0,0,0
2022-11-06,West Ham,Crystal Palace,7.0,5,7,6,4,8.0,5,10,5,5,0,0,0,0
2022-11-06,Tottenham,Liverpool,8.0,5,9,7,6,8.0,5,6,5,6,0,0,0,0
2022-11-12,Man City,Brentford,7.0,5,12,10,3,7.0,5,6,5,7,0,0,0,0
2022-11-12,Bournemouth,Everton,7.0,5,1,7,12,7.0,5,4,3,5,0,0,0,0
2022-11-12,Liverpool,Southampton,6.0,5,9,5,4,6.0,5,5,4,7,0,0,0,0
2022-11-12,Nott'm Forest,Crystal Palace,7.0,5,5,3,8,6.0,5,10,5,5,0,0,0,0
2022-11-12,Tottenham,Leeds,6.0,5,6,7,8,7.0,5,6,8,10,0,0,0,0
2022-11-12,West Ham,Leicester,6.0,5,4,4,5,7.0,5,10,8,1,0,0,0,0
2022-11-12,Newcastle,Chelsea,6.0,5,13,11,2,6.0,5,5,4,6,0,0,0,0
2022-11-12,Wolves,Arsenal,7.0,5,4,5,10,6.0,5,13,11,3,0,0,0,0
2022-11-13,Brighton,Aston Villa,8.0,5,7,8,8,7.0,5,6,7,10,0,0,0,0
2022-11-13,Fulham,Man United,8.0,5,8,9,6,7.0,5,8,5,4,0,0,0,0
2022-12-26,Brentford,Tottenham,44.0,5,6,5,8,44.0,5,6,9,11,0,0,0,0
2022-12-26,Crystal Palace,Fulham,44.0,5,9,5,6,43.0,5,7,8,6,0,0,0,0
2022-12-26,Everton,Wolves,44.0,5,4,3,6,44.0,5,1,4,12,0,0,0,0
2022-12-26,Leicester,Newcastle,44.0,5,12,10,1,44.0,5,15,12,2,0,0,0,0
2022-12-26,Southampton,Brighton,44.0,5,4,4,9,43.0,5,7,9,8,0,0,0,0
2022-12-26,Aston Villa,Liverpool,43.0,5,9,9,9,44.0,5,9,7,5,0,0,0,0
2022-12-26,Arsenal,West Ham,44.0,5,13,10,1,44.0,5,3,3,6,0,0,0,0
2022-12-27,Chelsea,Bournemouth,45.0,5,2,2,7,45.0,5,3,8,10,0,0,0,0
2022-12-27,Man United,Nott'm Forest,44.0,5,10,7,5,45.0,5,8,4,7,0,0,0,0
2022-12-28,Leeds,Man City,46.0,5,6,11,13,46.0,5,9,7,5,0,0,0,0
2022-12-30,West Ham,Brentford,4.0,5,3,4,8,4.0,5,6,7,10,0,0,0,0
2022-12-30,Liverpool,Leicester,4.0,5,9,9,6,4.0,5,9,8,4,0,0,0,0
2022-12-31,Wolves,Man United,5.0,5,4,5,11,4.0,5,10,8,5,0,0,0,0
2022-12-31,Bournemouth,Crystal Palace,4.0,5,3,8,11,5.0,5,6,3,8,0,0,0,0
2022-12-31,Fulham,Southampton,5.0,5,7,8,6,5.0,5,1,4,12,0,0,0,0
2022-12-31,Man City,Everton,3.0,5,12,10,5,5.0,5,4,4,7,0,0,0,0
2022-12-31,Newcastle,Leeds,5.0,5,15,14,2,3.0,5,6,12,14,0,0,0,0
2022-12-31,Brighton,Arsenal,5.0,5,9,12,9,5.0,5,13,12,2,0,0,0,0
2023-01-01,Tottenham,Aston Villa,6.0,5,7,11,11,6.0,5,9,10,9,0,0,0,0
2023-01-01,Nott'm Forest,Chelsea,5.0,5,7,4,10,5.0,5,4,4,7,0,0,0,0
2023-01-02,Brentford,Liverpool,3.0,5,9,9,6,3.0,5,12,11,6,0,0,0,0
2023-01-03,Arsenal,Newcastle,3.0,5,15,15,3,3.0,5,13,12,1,0,0,0,0
2023-01-03,Everton,Brighton,3.0,5,2,2,8,3.0,5,9,13,10,0,0,0,0
2023-01-03,Leicester,Fulham,4.0,5,6,5,6,3.0,5,7,7,5,0,0,0,0
2023-01-03,Man United,Bournemouth,3.0,5,12,8,4,3.0,5,3,8,11,0,0,0,0
2023-01-04,Southampton,Nott'm Forest,4.0,5,0,4,13,3.0,5,5,4,11,0,0,0,0
2023-01-04,Leeds,West Ham,4.0,5,7,10,11,5.0,5,0,2,10,0,0,0,0
2023-01-04,Aston Villa,Wolves,3.0,5,9,8,9,4.0,5,4,5,8,0,0,0,0
2023-01-04,Crystal Palace,Tottenham,4.0,5,9,5,5,3.0,5,7,10,11,0,0,0,0
2023-01-05,Chelsea,Man City,4.0,5,4,4,7,5.0,5,10,8,5,0,0,0,0
2023-01-12,Fulham,Chelsea,9.0,5,9,8,5,7.0,5,4,3,4,0,0,0,0
2023-01-13,Aston Villa,Leeds,9.0,5,10,9,6,9.0,5,5,10,12,1,0,1,0
2023-01-14,Man United,Man City,11.0,5,12,10,4,9.0,5,10,8,5,1,0,0,1
2023-01-14,Brighton,Liverpool,11.0,5,9,13,10,12.0,5,12,11,7,1,0,1,0
2023-01-14,Everton,Southampton,11.0,5,1,3,12,10.0,5,0,4,13,1,1,0,0
2023-01-14,Nott'm Forest,Leicester,10.0,5,8,5,6,11.0,5,6,5,6,1,0,0,1
2023-01-14,Wolves,West Ham,10.0,5,4,5,8,10.0,5,1,4,11,1,0,0,1
2023-01-14,Brentford,Bournemouth,12.0,5,11,11,6,11.0,5,3,6,11,1,0,1,0
2023-01-15,Chelsea,Crystal Palace,3.0,5,4,4,5,11.0,5,6,4,9,1,1,0,0
2023-01-15,Newcastle,Fulham,12.0,5,11,8,1,3.0,5,12,9,4,1,1,0,0
2023-01-15,Tottenham,Arsenal,11.0,5,7,11,9,12.0,5,13,10,3,1,0,0,1
2023-01-18,Crystal Palace,Man United,3.0,5,3,2,9,4.0,5,15,11,2,0,0,0,0
2023-01-19,Man City,Tottenham,5.0,5,7,7,6,4.0,5,7,10,9,0,0,0,0
2023-01-21,Liverpool,Chelsea,7.0,5,9,9,9,6.0,5,7,5,4,0,0,0,0
2023-01-21,Bournemouth,Nott'm Forest,7.0,5,3,3,9,7.0,5,10,5,4,1,1,0,0
2023-01-21,Leicester,Brighton,7.0,5,3,3,8,7.0,5,9,13,8,1,0,0,1
2023-01-21,Southampton,Aston Villa,7.0,5,3,5,10,8.0,5,10,8,6,1,0,0,1
2023-01-21,West Ham,Everton,7.0,5,1,3,10,7.0,5,1,4,12,1,0,0,1
2023-01-21,Crystal Palace,Newcastle,3.0,5,4,3,9,6.0,5,11,5,0,1,0,1,0
2023-01-22,Leeds,Brentford,9.0,5,2,7,11,8.0,5,13,11,4,1,0,0,1
2023-01-22,Man City,Wolves,3.0,5,10,10,6,8.0,5,7,4,5,1,1,0,0
2023-01-22,Arsenal,Man United,7.0,5,13,11,3,4.0,5,13,10,2,1,0,0,1
2023-01-23,Fulham,Tottenham,8.0,5,12,8,3,4.0,5,4,8,10,1,0,0,1
2023-02-03,Chelsea,Fulham,13.0,5,5,3,4,11.0,5,9,5,4,1,0,0,1
2023-02-04,Everton,Arsenal,14.0,5,1,4,11,13.0,5,13,12,5,0,0,0,0
2023-02-04,Aston Villa,Leicester,14.0,5,10,7,5,14.0,5,1,3,10,0,0,0,0
2023-02-04,Brentford,Southampton,13.0,5,11,9,3,14.0,5,3,4,8,0,0,0,0
2023-02-04,Brighton,Bournemouth,14.0,5,10,14,8,14.0,5,1,1,10,0,0,0,0
2023-02-04,Man United,Crystal Palace,13.0,5,10,9,5,14.0,5,5,3,6,1,0,1,0
2023-02-04,Wolves,Liverpool,13.0,5,7,4,6,14.0,5,7,6,8,0,0,0,0
2023-02-04,Newcastle,West Ham,14.0,5,9,4,0,14.0,5,4,5,8,0,0,0,0
2023-02-05,Nott'm Forest,Leeds,15.0,5,8,5,5,14.0,5,3,4,7,0,0,0,0
2023-02-05,Tottenham,Man City,13.0,5,6,7,8,14.0,5,10,10,5,1,0,0,1
2023-02-08,Man United,Leeds,4.0,5,10,10,6,3.0,5,3,3,5,0,0,0,0
2023-02-11,West Ham,Chelsea,7.0,5,5,5,6,8.0,5,5,2,3,1,0,0,1
2023-02-11,Arsenal,Brentford,7.0,5,10,9,5,7.0,5,13,10,1,1,1,0,0
2023-02-11,Crystal Palace,Brighton,7.0,5,2,2,8,7.0,5,10,12,7,0,0,0,0
2023-02-11,Fulham,Nott'm Forest,8.0,5,7,3,3,6.0,5,11,6,2,1,1,0,0
2023-02-11,Leicester,Tottenham,7.0,5,4,7,9,6.0,5,9,8,6,1,0,0,1
2023-02-11,Southampton,Wolves,7.0,5,3,3,8,7.0,5,7,5,5,1,0,0,1
2023-02-11,Bournemouth,Newcastle,7.0,5,1,1,9,7.0,5,7,2,1,1,0,1,0
2023-02-12,Leeds,Man United,4.0,5,3,5,7,4.0,5,8,9,8,1,0,1,0
2023-02-12,Man City,Aston Villa,7.0,5,9,9,5,8.0,5,10,8,6,1,0,1,0
2023-02-13,Liverpool,Everton,9.0,5,4,3,10,9.0,5,4,4,9,1,0,1,0
2023-02-15,Arsenal,Man City,4.0,5,8,6,4,3.0,5,9,11,6,0,0,0,0
2023-02-18,Aston Villa,Arsenal,6.0,5,7,7,9,3.0,5,7,7,7,1,0,0,1
2023-02-18,Brentford,Crystal Palace,7.0,5,11,9,2,7.0,5,3,3,5,1,0,1,0
2023-02-18,Brighton,Fulham,7.0,5,11,11,4,7.0,5,7,4,3,1,0,0,1
2023-02-18,Chelsea,Southampton,7.0,5,6,3,3,7.0,5,3,3,8,1,0,0,1
2023-02-18,Everton,Leeds,5.0,5,3,3,10,6.0,5,2,3,7,1,0,1,0
2023-02-18,Nott'm Forest,Man City,7.0,5,10,5,3,3.0,5,12,13,5,1,0,0,1
2023-02-18,Wolves,Bournemouth,7.0,5,10,7,5,7.0,5,2,2,8,1,0,1,0
2023-02-18,Newcastle,Liverpool,7.0,5,7,3,2,5.0,5,4,3,9,1,0,0,1
2023-02-19,Man United,Leicester,7.0,5,8,9,7,8.0,5,7,10,8,1,1,0,0
2023-02-19,Tottenham,West Ham,8.0,5,6,5,10,8.0,5,6,6,5,1,0,1,0
2023-02-24,Fulham,Wolves,6.0,5,7,3,2,6.0,5,9,6,5,1,0,1,0
2023-02-25,Everton,Aston Villa,7.0,5,6,3,6,7.0,5,6,8,12,1,0,0,1
2023-02-25,Leeds,Southampton,7.0,5,2,2,6,7.0,5,6,4,7,1,0,1,0
2023-02-25,Leicester,Arsenal,6.0,5,7,10,10,7.0,5,7,9,9,1,0,0,1
2023-02-25,West Ham,Nott'm Forest,6.0,5,5,4,5,7.0,5,8,5,4,1,0,0,1
2023-02-25,Bournemouth,Man City,7.0,5,5,3,5,7.0,5,10,10,4,1,0,0,1
2023-02-25,Crystal Palace,Liverpool,7.0,5,4,4,5,7.0,5,7,4,6,1,0,1,0
2023-02-26,Tottenham,Chelsea,7.0,5,9,7,8,8.0,5,6,2,2,1,0,1,0
2023-03-01,Arsenal,Everton,4.0,5,7,7,7,4.0,5,6,2,6,1,0,0,1
2023-03-01,Liverpool,Wolves,4.0,5,8,4,3,5.0,5,7,6,6,1,0,0,1
2023-03-04,Man City,Newcastle,7.0,5,10,11,5,14.0,5,6,3,4,1,0,1,0
2023-03-04,Arsenal,Bournemouth,3.0,5,10,11,6,7.0,5,5,4,7,1,1,0,0
2023-03-04,Aston Villa,Crystal Palace,7.0,5,6,8,11,7.0,5,4,3,4,1,0,0,1
2023-03-04,Brighton,West Ham,14.0,5,8,7,4,7.0,5,8,8,4,1,1,0,0
2023-03-04,Chelsea,Leeds,6.0,5,3,1,4,7.0,5,4,3,6,1,0,0,1
2023-03-04,Wolves,Tottenham,3.0,5,7,6,5,6.0,5,12,7,4,1,0,0,1
2023-03-04,Southampton,Leicester,7.0,5,3,2,7,7.0,5,7,10,9,1,1,0,0
2023-03-05,Nott'm Forest,Everton,8.0,5,5,3,8,4.0,5,6,2,8,1,0,1,0
2023-03-05,Liverpool,Man United,4.0,5,10,6,3,14.0,5,10,11,6,1,0,0,1
2023-03-06,Brentford,Fulham,16.0,5,9,7,2,10.0,5,8,4,2,1,0,0,1
2023-03-11,Bournemouth,Liverpool,7.0,5,4,5,9,6.0,5,13,13,0,1,0,0,1
2023-03-11,Everton,Brentford,6.0,5,4,3,10,5.0,5,9,8,4,1,0,1,0
2023-03-11,Leeds,Brighton,7.0,5,4,3,6,7.0,5,8,8,4,1,0,0,1
2023-03-11,Leicester,Chelsea,7.0,5,6,8,8,7.0,5,5,2,4,1,0,0,1
2023-03-11,Tottenham,Nott'm Forest,7.0,5,9,6,5,6.0,5,5,4,9,1,1,0,0
2023-03-11,Crystal Palace,Man City,7.0,5,3,3,5,7.0,5,13,13,4,1,0,0,1
2023-03-12,Fulham,Arsenal,6.0,5,8,6,4,8.0,5,12,13,7,1,0,0,1
2023-03-12,Man United,Southampton,7.0,5,10,9,10,8.0,5,6,3,6,1,1,0,0
2023-03-12,West Ham,Aston Villa,8.0,5,5,6,8,8.0,5,6,8,11,1,1,0,0
2023-03-12,Newcastle,Wolves,8.0,5,3,2,6,8.0,5,7,4,5,1,0,1,0
2023-03-15,Brighton,Crystal Palace,4.0,5,8,8,4,4.0,5,3,2,4,1,0,1,0
2023-03-15,Southampton,Brentford,3.0,5,7,3,3,4.0,5,8,8,5,1,0,0,1
2023-03-17,Nott'm Forest,Newcastle,6.0,5,2,4,12,5.0,5,5,4,7,1,0,0,1
2023-03-18,Aston Villa,Bournemouth,6.0,5,7,7,8,7.0,5,7,6,8,1,0,0,1
2023-03-18,Brentford,Leicester,3.0,5,8,7,5,7.0,5,3,5,9,1,0,1,0
2023-03-18,Southampton,Tottenham,3.0,5,7,2,3,7.0,5,9,8,6,1,0,0,1
2023-03-18,Wolves,Leeds,6.0,5,4,3,6,7.0,5,4,3,6,1,0,0,1
2023-03-18,Chelsea,Everton,7.0,5,7,5,5,7.0,5,7,4,8,1,1,0,0
2023-03-19,Arsenal,Crystal Palace,7.0,5,15,15,4,4.0,5,2,1,4,1,1,0,0
2023-04-01,Man City,Liverpool,21.0,5,13,11,3,21.0,5,10,11,1,1,0,0,1
2023-04-01,Arsenal,Leeds,13.0,5,15,15,3,14.0,5,7,7,6,1,1,0,0
2023-04-01,Bournemouth,Fulham,14.0,5,6,5,10,20.0,5,7,6,7,1,0,1,0
2023-04-01,Brighton,Brentford,17.0,5,8,8,4,14.0,5,8,7,5,1,0,0,1
2023-04-01,Crystal Palace,Leicester,13.0,5,1,1,7,14.0,5,1,2,9,1,0,1,0
2023-04-01,Nott'm Forest,Wolves,15.0,5,2,5,12,14.0,5,4,5,9,1,0,0,1
2023-04-01,Chelsea,Aston Villa,14.0,5,7,6,6,14.0,5,10,9,5,1,1,0,0
2023-04-02,West Ham,Southampton,21.0,5,5,6,8,15.0,5,5,4,6,1,0,1,0
2023-04-02,Newcastle,Man United,16.0,5,7,5,7,21.0,5,8,7,9,1,0,1,0
2023-04-03,Everton,Tottenham,16.0,5,5,5,10,16.0,5,10,10,5,1,0,0,1
2023-04-04,Bournemouth,Brighton,3.0,5,6,6,11,3.0,5,8,10,6,1,0,0,1
2023-04-04,Leeds,Nott'm Forest,3.0,5,7,8,9,3.0,5,2,5,12,1,0,0,1
2023-04-04,Leicester,Aston Villa,3.0,5,1,3,8,3.0,5,13,9,1,1,1,0,0
2023-04-04,Chelsea,Liverpool,3.0,5,7,6,7,3.0,5,7,10,5,1,0,1,0
2023-04-05,Man United,Brentford,3.0,5,7,5,9,4.0,5,8,9,7,1,0,0,1
2023-04-05,West Ham,Newcastle,3.0,5,7,6,7,3.0,5,9,6,6,1,0,1,0
2023-04-08,Man United,Everton,3.0,5,7,4,9,5.0,5,6,6,9,1,1,0,0
2023-04-08,Aston Villa,Nott'm Forest,4.0,5,13,9,2,4.0,5,2,6,10,1,0,1,0
2023-04-08,Brentford,Newcastle,3.0,5,5,6,6,3.0,5,12,11,5,1,0,0,1
2023-04-08,Fulham,West Ham,7.0,5,4,5,9,3.0,5,7,7,10,1,0,0,1
2023-04-08,Leicester,Bournemouth,4.0,5,1,4,9,4.0,5,6,5,9,1,0,0,1
2023-04-08,Tottenham,Brighton,5.0,5,8,9,6,4.0,5,11,12,5,1,1,0,0
2023-04-08,Wolves,Chelsea,7.0,5,4,5,9,4.0,5,8,6,5,1,0,0,1
2023-04-08,Southampton,Man City,6.0,5,5,4,6,7.0,5,13,12,3,1,0,0,1
2023-04-09,Leeds,Crystal Palace,5.0,5,7,9,10,8.0,5,3,3,8,1,0,0,1
2023-04-09,Liverpool,Arsenal,5.0,5,7,10,5,8.0,5,15,18,4,1,0,0,1
2023-04-15,Aston Villa,Newcastle,7.0,5,13,10,2,7.0,5,15,13,4,1,0,0,1
2023-04-15,Chelsea,Brighton,7.0,5,5,5,6,7.0,5,8,9,7,1,0,0,1
2023-04-15,Everton,Fulham,7.0,5,6,6,7,7.0,5,1,4,10,1,0,1,0
2023-04-15,Southampton,Crystal Palace,7.0,5,2,4,10,6.0,5,6,8,8,1,0,0,1
2023-04-15,Tottenham,Bournemouth,7.0,5,8,9,7,7.0,5,9,4,6,1,1,0,0
2023-04-15,Wolves,Brentford,7.0,5,7,6,7,7.0,5,5,7,7,1,0,1,0
2023-04-15,Man City,Leicester,7.0,5,15,15,3,7.0,5,1,4,9,1,1,0,0
2023-04-16,West Ham,Arsenal,8.0,5,7,4,10,7.0,5,13,16,6,1,0,0,1
2023-04-16,Nott'm Forest,Man United,8.0,5,1,4,10,8.0,5,7,3,9,1,0,0,1
2023-04-17,Leeds,Liverpool,8.0,5,7,10,14,8.0,5,5,10,7,1,1,0,0
2023-04-21,Arsenal,Southampton,5.0,5,11,15,6,6.0,5,1,4,12,1,0,1,0
2023-04-22,Fulham,Leeds,7.0,5,3,6,10,5.0,5,6,9,18,1,1,0,0
2023-04-22,Brentford,Aston Villa,7.0,5,2,5,9,7.0,5,15,12,1,1,0,0,1
2023-04-22,Crystal Palace,Everton,7.0,5,9,10,7,7.0,5,5,5,8,1,0,0,1
2023-04-22,Leicester,Wolves,7.0,5,1,4,9,7.0,5,7,7,7,1,1,0,0
2023-04-22,Liverpool,Nott'm Forest,5.0,5,5,9,8,6.0,5,1,3,9,1,0,0,1
2023-04-23,Bournemouth,West Ham,8.0,5,9,6,8,7.0,5,8,6,8,1,0,0,1
2023-04-23,Newcastle,Tottenham,8.0,5,12,11,6,8.0,5,8,11,9,1,1,0,0
2023-04-25,Wolves,Crystal Palace,3.0,5,7,7,7,3.0,5,10,10,6,1,0,0,1
2023-04-25,Aston Villa,Fulham,3.0,5,13,10,2,3.0,5,6,6,8,1,0,0,1
2023-04-25,Leeds,Leicester,3.0,5,3,6,18,3.0,5,3,5,9,1,0,0,1
2023-04-26,Nott'm Forest,Brighton,4.0,5,1,4,10,11.0,5,10,9,6,1,0,1,0
2023-04-26,Chelsea,Brentford,11.0,5,2,3,7,4.0,5,2,5,9,1,0,1,0
2023-04-26,West Ham,Liverpool,3.0,5,10,9,7,4.0,5,8,12,9,1,0,0,1
2023-04-26,Man City,Arsenal,11.0,5,15,14,3,5.0,5,9,15,9,1,1,0,0
2023-04-27,Everton,Newcastle,5.0,5,3,4,8,4.0,5,12,15,6,1,0,0,1
2023-04-27,Southampton,Bournemouth,6.0,5,2,7,13,4.0,5,9,6,9,1,1,0,0
2023-04-27,Tottenham,Man United,4.0,5,5,9,14,11.0,5,10,5,2,1,0,0,1
2023-04-29,Crystal Palace,West Ham,4.0,5,10,9,4,3.0,5,7,9,9,1,1,0,0
2023-04-29,Brentford,Nott'm Forest,3.0,5,4,4,6,3.0,5,3,6,10,1,0,1,0
2023-04-29,Brighton,Wolves,3.0,5,7,9,9,4.0,5,10,7,3,1,1,0,0
2023-04-30,Bournemouth,Leeds,3.0,5,9,5,8,5.0,5,4,6,15,1,0,0,1
2023-04-30,Fulham,Man City,5.0,5,6,6,6,4.0,5,15,16,4,1,0,0,1
2023-04-30,Man United,Aston Villa,3.0,5,10,7,4,5.0,5,13,9,2,1,0,0,1
2023-04-30,Newcastle,Southampton,3.0,5,12,17,7,3.0,5,1,4,11,1,1,0,0
2023-04-30,Liverpool,Tottenham,4.0,5,11,13,6,3.0,5,5,8,13,1,1,0,0
2023-05-01,Leicester,Everton,6.0,5,4,5,8,4.0,5,2,3,10,1,1,0,0
2023-05-02,Arsenal,Chelsea,6.0,5,6,12,12,6.0,5,1,1,7,1,1,0,0
2023-05-03,Liverpool,Fulham,3.0,5,13,17,9,3.0,5,6,6,6,1,0,1,0
2023-05-03,Man City,West Ham,3.0,5,15,17,5,4.0,5,7,11,8,1,1,0,0
2023-05-04,Brighton,Man United,5.0,5,9,12,6,4.0,5,13,8,2,1,1,0,0
2023-05-06,Bournemouth,Chelsea,6.0,5,12,9,7,4.0,5,1,2,8,1,0,0,1
2023-05-06,Man City,Leeds,3.0,5,15,16,4,6.0,5,1,5,18,1,1,0,0
2023-05-06,Tottenham,Crystal Palace,6.0,5,4,10,16,7.0,5,10,11,6,1,1,0,0
2023-05-06,Wolves,Aston Villa,7.0,5,9,6,8,6.0,5,10,7,2,1,0,1,0
2023-05-06,Liverpool,Brentford,3.0,5,15,16,7,7.0,5,7,6,6,1,0,0,1
2023-05-07,Newcastle,Arsenal,7.0,5,12,15,7,5.0,5,6,11,12,1,0,1,0
2023-05-07,West Ham,Man United,4.0,5,4,10,11,3.0,5,10,7,3,1,0,0,1
2023-05-08,Fulham,Leicester,5.0,5,6,6,6,7.0,5,5,6,8,1,1,0,0
2023-05-08,Brighton,Everton,4.0,5,9,11,6,7.0,5,2,4,11,1,1,0,0
2023-05-08,Nott'm Forest,Southampton,9.0,5,3,6,10,8.0,5,1,5,13,1,1,0,0
2023-05-13,Leeds,Newcastle,7.0,5,1,5,15,6.0,5,9,13,8,1,0,1,0
2023-05-13,Aston Villa,Tottenham,7.0,5,7,5,3,7.0,5,4,9,15,1,1,0,0
2023-05-13,Chelsea,Nott'm Forest,7.0,5,3,5,9,5.0,5,6,10,11,1,0,1,0
2023-05-13,Crystal Palace,Bournemouth,7.0,5,7,6,6,7.0,5,9,9,10,1,1,0,0
2023-05-13,Man United,Wolves,6.0,5,7,5,4,7.0,5,9,6,8,1,1,0,0
2023-05-13,Southampton,Fulham,5.0,5,1,7,13,5.0,5,6,8,8,1,0,0,1
2023-05-14,Brentford,West Ham,8.0,5,7,5,5,7.0,5,6,9,9,1,1,0,0
2023-05-14,Everton,Man City,6.0,5,5,9,10,8.0,5,15,14,4,1,0,1,0
2023-05-14,Arsenal,Brighton,7.0,5,8,11,10,6.0,5,9,11,9,1,1,0,0
2023-05-15,Leicester,Liverpool,7.0,5,5,9,12,9.0,5,15,11,6,1,0,0,1
2023-05-18,Newcastle,Brighton,5.0,5,10,15,7,4.0,5,9,12,8,1,0,1,0
2023-05-20,Tottenham,Brentford,7.0,5,4,8,14,6.0,5,10,7,3,1,0,1,0
2023-05-20,Bournemouth,Man United,7.0,5,6,6,10,7.0,5,7,5,4,1,0,0,1
2023-05-20,Fulham,Crystal Palace,7.0,5,6,8,7,7.0,5,7,6,6,1,1,0,0
2023-05-20,Liverpool,Aston Villa,5.0,5,15,11,4,7.0,5,7,4,4,1,1,0,0
2023-05-20,Wolves,Everton,7.0,5,6,4,10,6.0,5,5,8,10,1,1,0,0
2023-05-20,Nott'm Forest,Arsenal,7.0,5,7,12,11,6.0,5,7,9,11,1,0,0,1
2023-05-21,West Ham,Leeds,7.0,5,3,5,11,8.0,5,2,6,11,1,0,1,0
2023-05-21,Brighton,Southampton,3.0,5,9,12,9,8.0,5,1,7,13,1,1,0,0
2023-05-21,Man City,Chelsea,7.0,5,15,14,3,8.0,5,4,7,10,1,1,0,0
2023-05-22,Newcastle,Leicester,4.0,5,10,13,7,7.0,5,5,8,12,1,1,0,0
2023-05-24,Brighton,Man City,3.0,5,9,9,10,3.0,5,15,11,2,1,0,0,1
2023-05-25,Man United,Chelsea,5.0,5,9,4,2,4.0,5,4,6,9,1,0,1,0
2023-05-28,Arsenal,Wolves,8.0,5,6,6,9,8.0,5,7,4,9,1,1,0,0
2023-05-28,Aston Villa,Brighton,8.0,5,7,4,4,4.0,5,7,9,11,1,1,0,0
2023-05-28,Brentford,Man City,8.0,5,12,9,3,4.0,5,13,10,2,1,1,0,0
2023-05-28,Chelsea,Newcastle,3.0,5,4,7,11,6.0,5,8,9,6,1,0,0,1
2023-05-28,Crystal Palace,Nott'm Forest,8.0,5,7,8,8,8.0,5,10,11,8,1,0,0,1
2023-05-28,Everton,Bournemouth,8.0,5,5,9,11,8.0,5,6,6,7,1,0,0,1
2023-05-28,Leeds,Tottenham,7.0,5,2,6,12,8.0,5,4,8,11,1,0,0,1
2023-05-28,Leicester,West Ham,6.0,5,3,6,11,7.0,5,6,7,10,1,1,0,0
2023-05-28,Man United,Fulham,3.0,5,9,7,3,8.0,5,7,10,8,1,1,0,0
2023-05-28,Southampton,Liverpool,7.0,5,0,5,13,8.0,5,13,10,4,1,0,0,1
2023-08-11,Burnley,Man City,,0,0,0,0,75.0,5,10,7,3,0,0,0,0
2023-08-12,Arsenal,Nott'm Forest,76.0,5,9,10,5,76.0,5,8,9,8,2,1,0,1
2023-08-12,Bournemouth,West Ham,76.0,5,3,5,8,76.0,5,6,5,8,2,0,0,2
2023-08-12,Brighton,Luton,76.0,5,7,9,8,,0,0,0,0,0,0,0,0
2023-08-12,Everton,Fulham,76.0,5,8,9,7,76.0,5,7,10,8,2,0,1,1
2023-08-12,Sheffield United,Crystal Palace,,0,0,0,0,76.0,5,8,9,7,0,0,0,0
2023-08-12,Newcastle,Aston Villa,76.0,5,6,7,6,76.0,5,7,5,5,2,1,0,1
2023-08-13,Brentford,Tottenham,77.0,5,12,8,3,77.0,5,6,10,10,2,1,1,0
2023-08-13,Chelsea,Liverpool,77.0,5,5,7,9,77.0,5,11,10,5,2,0,2,0
2023-08-14,Man United,Wolves,78.0,5,12,9,3,78.0,5,4,2,14,2,2,0,0
2023-08-18,Nott'm Forest,Sheffield United,6.0,5,8,9,8,6.0,1,0,0,1,0,0,0,0
2023-08-19,Fulham,Brentford,7.0,5,10,11,7,6.0,5,10,8,4,2,1,0,1
2023-08-19,Liverpool,Bournemouth,6.0,5,9,10,6,7.0,5,1,2,8,2,1,0,1
2023-08-19,Wolves,Brighton,5.0,5,4,2,9,7.0,5,7,10,9,2,0,0,2
2023-08-19,Tottenham,Man United,6.0,5,7,9,8,5.0,5,15,10,2,2,0,1,1
2023-08-19,Man City,Newcastle,8.0,5,10,8,2,7.0,5,9,12,5,2,1,1,0
2023-08-20,Aston Villa,Everton,8.0,5,7,6,9,8.0,5,7,7,6,2,2,0,0
2023-08-20,West Ham,Chelsea,8.0,5,7,6,6,7.0,5,3,5,9,2,0,1,1
2023-08-21,Crystal Palace,Arsenal,9.0,5,8,6,4,9.0,5,9,9,5,2,0,0,2
2023-08-25,Chelsea,Luton,5.0,5,2,4,10,13.0,1,0,1,4,0,0,0,0
2023-08-26,Bournemouth,Tottenham,7.0,5,1,2,8,7.0,5,7,10,8,2,1,0,1
2023-08-26,Arsenal,Fulham,5.0,5,9,8,5,7.0,5,7,6,7,2,2,0,0
2023-08-26,Brentford,Crystal Palace,7.0,5,13,11,3,5.0,5,8,6,4,2,0,2,0
2023-08-26,Everton,Wolves,6.0,5,4,2,9,7.0,5,1,2,13,2,0,1,1
2023-08-26,Man United,Nott'm Forest,7.0,5,12,8,4,8.0,5,8,7,6,2,2,0,0
2023-08-26,Brighton,West Ham,7.0,5,10,13,6,6.0,5,7,8,7,2,2,0,0
2023-08-27,Burnley,Aston Villa,16.0,1,0,0,3,7.0,5,10,10,8,0,0,0,0
2023-08-27,Sheffield United,Man City,9.0,2,0,1,3,8.0,5,10,6,2,0,0,0,0
2023-08-27,Newcastle,Liverpool,8.0,5,8,10,4,8.0,5,9,12,7,2,0,0,2
2023-09-01,Luton,West Ham,7.0,2,0,1,7,6.0,5,10,11,6,0,0,0,0
2023-09-02,Sheffield United,Everton,6.0,3,0,2,5,7.0,5,4,2,7,0,0,0,0
2023-09-02,Brentford,Bournemouth,7.0,5,11,10,4,7.0,5,1,2,8,2,1,1,0
2023-09-02,Burnley,Tottenham,6.0,2,0,1,6,7.0,5,10,11,6,0,0,0,0
2023-09-02,Chelsea,Nott'm Forest,8.0,5,5,7,9,7.0,5,7,7,7,2,0,2,0
2023-09-02,Man City,Fulham,6.0,5,10,7,3,7.0,5,5,6,9,2,2,0,0
2023-09-02,Brighton,Newcastle,7.0,5,7,11,8,6.0,5,5,7,5,2,0,1,1
2023-09-03,Crystal Palace,Wolves,8.0,5,6,5,5,8.0,5,4,3,11,2,1,0,1
2023-09-03,Liverpool,Aston Villa,7.0,5,9,11,8,7.0,5,10,11,8,2,1,1,0
2023-09-03,Arsenal,Man United,8.0,5,10,10,4,8.0,5,12,10,6,2,1,0,1
2023-09-16,Wolves,Liverpool,13.0,5,3,4,13,13.0,5,11,13,7,2,1,0,1
2023-09-16,Aston Villa,Crystal Palace,13.0,5,9,10,10,13.0,5,8,6,5,2,1,0,1
2023-09-16,Fulham,Luton,14.0,5,4,5,12,15.0,3,0,2,9,0,0,0,0
2023-09-16,Man United,Brighton,13.0,5,9,7,8,14.0,5,9,13,8,2,0,0,2
2023-09-16,Tottenham,Sheffield United,14.0,5,13,15,5,14.0,4,1,4,7,0,0,0,0
2023-09-16,West Ham,Man City,15.0,5,10,10,6,14.0,5,12,11,3,2,0,0,2
2023-09-16,Newcastle,Brentford,14.0,5,4,8,8,14.0,5,9,9,5,2,2,0,0
2023-09-17,Bournemouth,Chelsea,15.0,5,2,4,9,15.0,5,5,6,6,2,0,0,2
2023-09-17,Everton,Arsenal,15.0,5,4,3,8,14.0,5,13,13,4,2,1,0,1
2023-09-18,Nott'm Forest,Burnley,16.0,5,7,7,7,16.0,3,0,3,11,0,0,0,0
2023-09-23,Crystal Palace,Fulham,7.0,5,7,6,7,7.0,5,7,5,10,2,0,1,1
2023-09-23,Luton,Wolves,7.0,4,0,2,10,7.0,5,3,5,11,0,0,0,0
2023-09-23,Man City,Nott'm Forest,7.0,5,15,14,3,5.0,5,7,7,7,2,1,1,0
2023-09-23,Brentford,Everton,7.0,5,6,8,6,6.0,5,1,2,9,2,0,1,1
2023-09-23,Burnley,Man United,5.0,4,1,4,12,7.0,5,6,6,10,0,0,0,0
2023-09-24,Arsenal,Tottenham,7.0,5,13,9,4,8.0,5,13,13,5,2,2,0,0
2023-09-24,Brighton,Bournemouth,8.0,5,12,15,7,7.0,5,3,4,8,2,2,0,0
2023-09-24,Chelsea,Aston Villa,7.0,5,5,5,5,8.0,5,9,11,10,2,1,0,1
2023-09-24,Liverpool,West Ham,8.0,5,13,12,4,8.0,5,10,10,7,2,2,0,0
2023-09-24,Sheffield United,Newcastle,8.0,5,1,5,9,8.0,5,6,8,7,0,0,0,0
2023-09-30,Aston Villa,Brighton,6.0,5,12,11,5,6.0,5,12,14,7,2,2,0,0
2023-09-30,Bournemouth,Arsenal,6.0,5,2,4,10,6.0,5,11,9,5,2,0,0,2
2023-09-30,Everton,Luton,7.0,5,4,5,9,7.0,5,1,3,11,0,0,0,0
2023-09-30,Man United,Crystal Palace,7.0,5,6,6,10,7.0,5,5,5,7,2,1,1,0
2023-09-30,Newcastle,Burnley,6.0,5,6,11,6,7.0,5,1,4,13,0,0,0,0
2023-09-30,West Ham,Sheffield United,6.0,5,9,10,9,6.0,5,1,5,16,0,0,0,0
2023-09-30,Wolves,Man City,7.0,5,4,6,11,7.0,5,15,13,3,2,0,0,2
2023-09-30,Tottenham,Liverpool,6.0,5,13,13,5,6.0,5,15,14,4,2,0,0,2
2023-10-01,Nott'm Forest,Brentford,8.0,5,7,6,7,8.0,5,5,7,7,2,0,1,1
2023-10-02,Fulham,Chelsea,9.0,5,5,4,10,8.0,5,4,4,5,2,1,1,0
2023-10-03,Luton,Burnley,3.0,5,4,4,8,3.0,5,1,4,12,0,0,0,0
2023-10-07,Luton,Tottenham,4.0,5,4,5,7,7.0,5,13,13,6,0,0,0,0
2023-10-07,Burnley,Chelsea,4.0,5,4,5,10,5.0,5,7,5,2,0,0,0,0
2023-10-07,Everton,Bournemouth,7.0,5,4,6,7,7.0,5,2,3,11,2,1,0,1
2023-10-07,Fulham,Sheffield United,5.0,5,5,4,9,7.0,5,1,4,16,0,0,0,0
2023-10-07,Man United,Brentford,7.0,5,6,6,9,6.0,5,3,5,8,2,1,0,1
2023-10-07,Crystal Palace,Nott'm Forest,7.0,5,8,6,6,6.0,5,5,5,7,2,0,1,1
2023-10-08,Brighton,Liverpool,8.0,5,9,11,12,8.0,5,12,12,5,2,1,1,0
2023-10-08,West Ham,Newcastle,8.0,5,9,9,8,8.0,5,9,13,5,2,0,1,1
2023-10-08,Wolves,Aston Villa,8.0,5,7,7,8,8.0,5,12,13,6,2,1,1,0
2023-10-08,Arsenal,Man City,8.0,5,11,12,5,8.0,5,12,13,5,2,0,0,2
2023-10-21,Liverpool,Everton,13.0,5,10,12,6,14.0,5,7,9,6,2,1,1,0
2023-10-21,Bournemouth,Wolves,14.0,5,2,3,12,13.0,5,5,7,9,2,1,1,0
2023-10-21,Brentford,Burnley,14.0,5,2,5,9,14.0,5,4,4,9,0,0,0,0
2023-10-21,Man City,Brighton,13.0,5,9,11,5,13.0,5,10,12,11,2,1,1,0
2023-10-21,Newcastle,Crystal Palace,13.0,5,10,14,5,14.0,5,8,5,5,2,0,2,0
2023-10-21,Nott'm Forest,Luton,14.0,5,6,3,4,14.0,5,4,4,6,0,0,0,0
2023-10-21,Chelsea,Arsenal,14.0,5,7,6,3,13.0,5,13,11,3,2,0,0,2
2023-10-21,Sheffield United,Man United,14.0,5,1,4,17,14.0,5,6,5,8,0,0,0,0
2023-10-22,Aston Villa,West Ham,14.0,5,10,11,6,14.0,5,7,8,9,2,0,1,1
2023-10-23,Tottenham,Fulham,16.0,5,13,12,6,16.0,5,7,5,8,2,2,0,0
2023-10-27,Crystal Palace,Tottenham,6.0,5,5,2,7,4.0,5,13,9,4,2,0,0,2
2023-10-28,Chelsea,Brentford,7.0,5,8,8,4,7.0,5,4,6,7,2,0,1,1
2023-10-28,Arsenal,Sheffield United,7.0,5,11,10,4,7.0,5,0,3,17,0,0,0,0
2023-10-28,Bournemouth,Burnley,7.0,5,1,2,12,7.0,5,3,3,11,0,0,0,0
2023-10-28,Wolves,Newcastle,7.0,5,8,7,7,7.0,5,13,17,2,2,0,1,1
2023-10-29,West Ham,Everton,7.0,5,4,7,12,8.0,5,6,7,6,2,1,0,1
2023-10-29,Aston Villa,Luton,7.0,5,13,15,4,8.0,5,5,6,7,0,0,0,0
2023-10-29,Brighton,Fulham,8.0,5,7,10,12,6.0,5,7,4,5,2,0,0,2
2023-10-29,Liverpool,Nott'm Forest,8.0,5,10,11,6,8.0,5,4,4,6,2,1,0,1
2023-10-29,Man United,Man City,8.0,5,9,6,6,8.0,5,9,8,5,2,1,0,1
2023-11-04,Fulham,Man United,6.0,5,5,4,6,6.0,5,9,5,6,2,0,0,2
2023-11-04,Brentford,West Ham,7.0,5,7,8,6,6.0,5,4,6,10,2,2,0,0
2023-11-04,Burnley,Crystal Palace,7.0,5,3,4,12,8.0,5,5,2,6,0,0,0,0
2023-11-04,Everton,Brighton,6.0,5,9,8,5,6.0,5,5,8,12,2,1,0,1
2023-11-04,Man City,Bournemouth,6.0,5,9,8,4,7.0,5,3,4,13,2,2,0,0
2023-11-04,Sheffield United,Wolves,7.0,5,0,2,20,7.0,5,9,8,6,0,0,0,0
2023-11-04,Newcastle,Arsenal,7.0,5,11,18,4,7.0,5,11,14,4,2,0,1,1
2023-11-05,Nott'm Forest,Aston Villa,7.0,5,3,3,8,7.0,5,13,15,4,2,0,1,1
2023-11-05,Luton,Liverpool,7.0,5,4,6,9,7.0,5,10,11,5,0,0,0,0
2023-11-06,Tottenham,Chelsea,10.0,5,13,9,4,9.0,5,7,8,6,2,1,1,0
2023-11-11,Wolves,Tottenham,7.0,5,8,8,7,5.0,5,12,8,6,2,1,0,1
2023-11-11,Arsenal,Burnley,7.0,5,10,12,3,7.0,5,3,4,12,0,0,0,0
2023-11-11,Crystal Palace,Everton,7.0,5,7,4,6,7.0,5,7,6,5,2,0,1,1
2023-11-11,Man United,Luton,7.0,5,9,5,6,6.0,5,2,5,9,0,0,0,0
2023-11-11,Bournemouth,Newcastle,7.0,5,3,4,16,7.0,5,11,11,4,2,0,2,0
2023-11-12,Aston Villa,Fulham,7.0,5,10,14,6,8.0,5,4,4,7,2,1,0,1
2023-11-12,Brighton,Sheffield United,8.0,5,3,6,12,8.0,5,3,4,13,0,0,0,0
2023-11-12,Liverpool,Brentford,7.0,5,8,9,5,8.0,5,10,10,5,2,1,0,1
2023-11-12,West Ham,Nott'm Forest,8.0,5,4,7,10,7.0,5,6,5,6,2,1,0,1
2023-11-12,Chelsea,Man City,6.0,5,10,12,6,8.0,5,9,12,5,2,0,0,2
2023-11-25,Man City,Liverpool,13.0,5,10,15,7,13.0,5,11,11,3,2,1,0,1
2023-11-25,Burnley,West Ham,14.0,5,0,3,14,13.0,5,4,8,12,0,0,0,0
2023-11-25,Luton,Crystal Palace,14.0,5,2,4,8,14.0,5,4,5,9,0,0,0,0
2023-11-25,Newcastle,Chelsea,14.0,5,8,9,6,13.0,5,8,14,10,2,1,1,0
2023-11-25,Nott'm Forest,Brighton,13.0,5,5,6,8,13.0,5,4,6,7,2,1,1,0
2023-11-25,Sheffield United,Bournemouth,13.0,5,4,5,12,14.0,5,6,6,12,0,0,0,0
2023-11-25,Brentford,Arsenal,13.0,5,9,9,7,14.0,5,10,11,4,2,0,1,1
2023-11-26,Tottenham,Aston Villa,15.0,5,9,7,7,14.0,5,10,11,6,2,0,0,2
2023-11-26,Everton,Man United,15.0,5,10,8,5,15.0,5,12,6,5,2,0,0,2
2023-11-27,Fulham,Wolves,15.0,5,4,5,8,16.0,5,8,8,7,2,0,2,0
2023-12-02,Arsenal,Wolves,7.0,5,10,11,4,5.0,5,7,9,9,2,2,0,0
2023-12-02,Brentford,Luton,7.0,5,9,8,6,7.0,5,5,6,8,0,0,0,0
2023-12-02,Burnley,Sheffield United,7.0,5,0,3,12,7.0,5,4,5,12,0,0,0,0
2023-12-02,Nott'm Forest,Everton,7.0,5,4,8,11,6.0,5,7,5,8,2,0,2,0
2023-12-02,Newcastle,Man United,7.0,5,10,11,5,6.0,5,12,7,4,2,1,1,0
2023-12-03,Bournemouth,Aston Villa,8.0,5,9,9,10,7.0,5,12,12,6,2,1,0,1
2023-12-03,Chelsea,Brighton,8.0,5,5,11,13,8.0,5,6,7,7,2,0,0,2
2023-12-03,Liverpool,Fulham,8.0,5,11,10,2,6.0,5,4,5,9,2,1,1,0
2023-12-03,West Ham,Crystal Palace,8.0,5,6,8,11,8.0,5,3,6,11,2,0,0,2
2023-12-03,Man City,Tottenham,8.0,5,11,16,7,7.0,5,6,7,9,2,1,0,1
2023-12-05,Wolves,Burnley,3.0,5,4,8,10,3.0,5,3,8,9,0,0,0,0
2023-12-05,Luton,Arsenal,3.0,5,4,5,9,3.0,5,12,11,3,0,0,0,0
2023-12-06,Brighton,Brentford,3.0,5,6,8,8,4.0,5,9,8,7,2,0,1,1
2023-12-06,Crystal Palace,Bournemouth,3.0,5,4,7,8,3.0,5,10,10,10,2,2,0,0
2023-12-06,Fulham,Nott'm Forest,3.0,5,4,8,11,4.0,5,3,6,10,2,2,0,0
2023-12-06,Sheffield United,Liverpool,4.0,5,4,4,15,3.0,5,11,12,5,0,0,0,0
2023-12-06,Aston Villa,Man City,3.0,5,10,10,7,3.0,5,9,17,9,2,0,1,1
2023-12-06,Man United,Chelsea,4.0,5,9,5,4,3.0,5,7,12,13,2,1,1,0
2023-12-07,Everton,Newcastle,5.0,5,10,6,6,5.0,5,10,8,5,2,0,0,2
2023-12-07,Tottenham,West Ham,4.0,5,4,8,12,4.0,5,7,8,8,2,1,1,0
2023-12-09,Crystal Palace,Liverpool,3.0,5,4,6,8,3.0,5,11,11,5,2,0,2,0
2023-12-09,Brighton,Burnley,3.0,5,8,9,8,4.0,5,3,7,8,0,0,0,0
2023-12-09,Man United,Bournemouth,3.0,5,12,7,2,3.0,5,10,10,9,2,2,0,0
2023-12-09,Sheffield United,Brentford,3.0,5,4,4,12,3.0,5,6,7,9,0,0,0,0
2023-12-09,Wolves,Nott'm Forest,4.0,5,6,7,8,3.0,5,3,6,12,2,1,1,0
2023-12-09,Aston Villa,Arsenal,3.0,5,10,8,6,4.0,5,12,10,6,2,0,0,2
2023-12-10,Everton,Chelsea,3.0,5,10,8,6,4.0,5,7,13,13,2,0,1,1
2023-12-10,Fulham,West Ham,4.0,5,6,12,10,3.0,5,10,10,8,2,0,0,2
2023-12-10,Luton,Man City,5.0,5,4,7,10,4.0,5,6,14,10,0,0,0,0
2023-12-10,Tottenham,Newcastle,3.0,5,1,7,13,3.0,5,9,6,6,2,0,0,2
2023-12-15,Nott'm Forest,Tottenham,6.0,5,1,5,13,5.0,5,4,10,10,2,0,0,2
2023-12-16,Chelsea,Sheffield United,6.0,5,4,9,14,7.0,5,4,3,11,0,0,0,0
2023-12-16,Man City,Crystal Palace,6.0,5,6,10,10,7.0,5,1,5,10,2,2,0,0
2023-12-16,Newcastle,Fulham,6.0,5,6,6,10,6.0,5,9,17,9,2,2,0,0
2023-12-16,Burnley,Everton,7.0,5,4,8,7,6.0,5,12,9,5,0,0,0,0
2023-12-17,Arsenal,Brighton,8.0,5,12,10,6,8.0,5,8,9,8,2,1,0,1
2023-12-17,Brentford,Aston Villa,8.0,5,3,4,8,8.0,5,13,9,4,2,0,1,1
2023-12-17,West Ham,Wolves,7.0,5,10,8,10,8.0,5,7,7,7,2,1,0,1
2023-12-17,Liverpool,Man United,8.0,5,13,12,5,8.0,5,9,6,5,2,1,0,1
2023-12-21,Crystal Palace,Brighton,5.0,5,2,5,9,4.0,5,7,8,9,2,0,1,1
2023-12-22,Aston Villa,Sheffield United,5.0,5,13,8,4,6.0,5,3,2,12,0,0,0,0
2023-12-23,West Ham,Man United,6.0,5,10,8,8,6.0,5,7,5,5,2,1,0,1
2023-12-23,Fulham,Burnley,7.0,5,9,16,9,7.0,5,4,7,6,0,0,0,0
2023-12-23,Luton,Newcastle,13.0,5,3,7,11,7.0,5,9,9,8,0,0,0,0
2023-12-23,Nott'm Forest,Bournemouth,8.0,5,1,3,12,14.0,5,13,12,3,2,0,1,1
2023-12-23,Tottenham,Everton,8.0,5,7,11,8,7.0,5,12,8,3,2,1,1,0
2023-12-23,Liverpool,Arsenal,6.0,5,11,9,5,6.0,5,12,9,5,2,0,1,1
2023-12-24,Wolves,Chelsea,7.0,5,4,5,9,8.0,5,6,7,10,2,1,0,1
2023-12-26,Newcastle,Nott'm Forest,3.0,5,6,5,8,3.0,5,1,3,12,2,2,0,0
2023-12-26,Bournemouth,Fulham,3.0,5,13,13,5,3.0,5,6,13,9,2,1,1,0
2023-12-26,Sheffield United,Luton,4.0,5,4,2,10,3.0,5,6,8,10,0,0,0,0
2023-12-26,Burnley,Liverpool,3.0,5,7,8,4,3.0,5,11,9,5,0,0,0,0
2023-12-26,Man United,Aston Villa,3.0,5,4,2,7,4.0,5,11,7,4,2,1,0,1
2023-12-27,Brentford,Wolves,10.0,5,3,5,7,3.0,5,7,5,7,2,0,1,1
2023-12-27,Chelsea,Crystal Palace,3.0,5,6,7,8,6.0,5,3,5,8,2,2,0,0
2023-12-27,Everton,Man City,4.0,5,12,9,2,11.0,5,6,8,8,2,0,1,1
2023-12-28,Brighton,Tottenham,7.0,5,5,6,8,5.0,5,10,12,7,2,0,0,2
2023-12-28,Arsenal,West Ham,5.0,5,10,9,6,5.0,5,10,8,7,2,1,1,0
2023-12-30,Luton,Chelsea,4.0,5,6,9,11,3.0,5,6,6,7,1,0,0,1
2023-12-30,Aston Villa,Burnley,4.0,5,10,7,5,4.0,5,4,3,6,1,1,0,0
2023-12-30,Crystal Palace,Brentford,3.0,5,2,5,9,3.0,5,3,6,10,3,0,3,0
2023-12-30,Man City,Sheffield United,3.0,5,8,10,8,4.0,5,4,4,8,1,1,0,0
2023-12-30,Wolves,Everton,3.0,5,10,8,6,3.0,5,9,9,5,3,2,1,0
2023-12-30,Nott'm Forest,Man United,4.0,5,4,6,12,4.0,5,7,5,8,3,0,0,3
2023-12-31,Fulham,Arsenal,5.0,5,6,10,8,3.0,5,7,7,7,3,0,1,2
2023-12-31,Tottenham,Bournemouth,3.0,5,9,11,8,5.0,5,13,13,4,3,2,0,1
2024-01-01,Liverpool,Newcastle,6.0,5,11,7,2,6.0,5,3,5,11,3,3,0,0
2024-01-02,West Ham,Brighton,5.0,5,12,9,6,5.0,5,8,8,7,3,1,0,2
2024-01-12,Burnley,Luton,13.0,5,4,5,8,13.0,5,6,10,11,1,1,0,0
2024-01-13,Chelsea,Fulham,14.0,5,9,8,7,13.0,5,6,7,9,3,1,1,1
2024-01-13,Newcastle,Man City,12.0,5,3,7,12,14.0,5,10,9,5,3,0,1,2
2024-01-14,Everton,Aston Villa,15.0,5,6,6,8,15.0,5,10,9,7,3,0,0,3
2024-01-14,Man United,Tottenham,15.0,5,4,4,9,14.0,5,12,13,7,3,1,1,1
2024-01-20,Arsenal,Crystal Palace,20.0,5,4,4,6,21.0,5,5,8,8,3,3,0,0
2024-01-20,Brentford,Nott'm Forest,21.0,5,0,4,12,21.0,5,7,8,8,3,1,2,0
2024-01-21,Sheffield United,West Ham,22.0,5,4,4,8,19.0,5,10,7,5,1,0,0,1
2024-01-21,Bournemouth,Liverpool,21.0,5,12,12,5,20.0,5,11,9,4,3,1,0,2
2024-01-22,Brighton,Wolves,20.0,5,6,6,6,23.0,5,10,10,6,3,3,0,0
2024-01-30,Nott'm Forest,Arsenal,10.0,5,6,9,10,10.0,5,7,9,5,3,1,0,2
2024-01-30,Fulham,Everton,17.0,5,3,2,10,16.0,5,4,4,8,3,2,1,0
2024-01-30,Luton,Brighton,18.0,5,7,8,8,8.0,5,6,5,5,1,0,0,1
2024-01-30,Crystal Palace,Sheffield United,10.0,5,5,7,11,9.0,5,2,5,10,1,1,0,0
2024-01-30,Aston Villa,Newcastle,16.0,5,8,8,7,17.0,5,3,8,11,3,1,0,2
2024-01-31,Man City,Burnley,18.0,5,13,12,6,19.0,5,4,5,8,1,1,0,0
2024-01-31,Tottenham,Brentford,17.0,5,10,11,8,11.0,5,3,6,12,3,0,2,1
2024-01-31,Liverpool,Chelsea,10.0,5,11,11,3,18.0,5,12,9,5,3,0,3,0
2024-02-01,West Ham,Bournemouth,11.0,5,11,9,2,11.0,5,9,10,9,3,2,1,0
2024-02-01,Wolves,Man United,10.0,5,10,9,5,18.0,5,5,6,8,3,0,0,3
2024-02-03,Everton,Tottenham,4.0,5,2,2,8,3.0,5,10,12,10,3,0,1,2
2024-02-03,Brighton,Crystal Palace,4.0,5,6,5,7,4.0,5,7,8,11,3,1,2,0
2024-02-03,Burnley,Fulham,3.0,5,4,6,9,4.0,5,4,2,7,1,1,0,0
2024-02-03,Newcastle,Luton,4.0,5,3,8,12,4.0,5,10,11,6,1,0,0,1
2024-02-03,Sheffield United,Aston Villa,4.0,5,2,7,11,4.0,5,5,7,9,1,0,1,0
2024-02-04,Bournemouth,Nott'm Forest,3.0,5,7,8,10,5.0,5,6,10,10,3,2,1,0
2024-02-04,Chelsea,Wolves,4.0,5,9,8,9,3.0,5,10,12,6,3,1,0,2
2024-02-04,Man United,West Ham,3.0,5,7,10,11,3.0,5,9,7,3,3,1,0,2
2024-02-04,Arsenal,Liverpool,5.0,5,7,9,6,4.0,5,13,15,4,3,1,2,0
2024-02-05,Brentford,Man City,5.0,5,3,8,14,5.0,5,13,13,6,2,2,0,0
2024-02-10,Man City,Everton,5.0,5,15,14,5,7.0,5,3,3,8,3,2,1,0
2024-02-10,Fulham,Bournemouth,7.0,5,5,4,7,6.0,5,5,6,9,3,0,1,2
2024-02-10,Liverpool,Burnley,6.0,5,12,15,6,7.0,5,2,6,11,1,1,0,0
2024-02-10,Luton,Sheffield United,7.0,5,8,14,10,7.0,5,1,6,15,1,1,0,0
2024-02-10,Tottenham,Brighton,7.0,5,8,12,11,7.0,5,8,8,7,3,2,0,1
2024-02-10,Wolves,Brentford,6.0,5,10,14,7,5.0,5,3,8,15,3,2,1,0
2024-02-10,Nott'm Forest,Newcastle,6.0,5,7,9,8,7.0,5,4,12,15,3,1,0,2
2024-02-11,West Ham,Arsenal,7.0,5,6,5,6,7.0,5,9,11,6,3,1,1,1
2024-02-11,Aston Villa,Man United,8.0,5,7,11,8,7.0,5,10,13,9,3,1,0,2
2024-02-12,Crystal Palace,Chelsea,9.0,5,6,8,14,8.0,5,9,9,11,3,0,0,3
2024-02-17,Brentford,Liverpool,7.0,5,6,9,11,7.0,5,12,16,7,3,1,0,2
2024-02-17,Burnley,Arsenal,7.0,5,2,7,12,6.0,5,12,17,4,1,0,0,1
2024-02-17,Fulham,Aston Villa,7.0,5,8,7,5,6.0,5,7,10,7,3,1,0,2
2024-02-17,Newcastle,Bournemouth,7.0,5,7,14,14,7.0,5,2,4,12,3,0,2,1
2024-02-17,Nott'm Forest,West Ham,7.0,5,4,8,10,6.0,5,3,3,12,3,1,0,2
2024-02-17,Tottenham,Wolves,7.0,5,11,12,8,7.0,5,7,10,8,3,1,0,2
2024-02-17,Man City,Chelsea,7.0,5,15,13,4,5.0,5,9,10,11,3,2,1,0
2024-02-18,Sheffield United,Brighton,8.0,5,4,7,13,8.0,5,5,5,7,1,0,1,0
2024-02-18,Luton,Man United,8.0,5,5,12,11,7.0,5,10,12,8,1,0,0,1
2024-02-19,Everton,Crystal Palace,9.0,5,3,2,7,7.0,5,6,8,15,3,2,1,0
2024-02-20,Man City,Brentford,3.0,5,13,12,5,3.0,5,6,9,12,3,1,0,2
2024-02-21,Liverpool,Luton,4.0,5,12,16,6,3.0,5,5,11,10,1,0,1,0
2024-02-24,Aston Villa,Nott'm Forest,7.0,5,7,9,6,7.0,5,4,8,9,3,1,1,1
2024-02-24,Brighton,Everton,6.0,5,7,10,7,5.0,5,4,3,5,3,1,1,1
2024-02-24,Crystal Palace,Burnley,5.0,5,4,6,15,7.0,5,2,5,14,1,1,0,0
2024-02-24,Man United,Fulham,6.0,5,13,13,7,7.0,5,5,6,6,3,3,0,0
2024-02-24,Bournemouth,Man City,7.0,5,3,5,11,4.0,5,13,10,3,3,0,0,3
2024-02-24,Arsenal,Newcastle,7.0,5,15,21,2,7.0,5,8,14,12,3,1,1,1
2024-02-25,Wolves,Sheffield United,8.0,5,7,9,9,7.0,5,4,7,16,1,0,0,1
2024-02-26,West Ham,Brentford,9.0,5,2,3,14,6.0,5,3,6,11,3,0,0,3
2024-03-02,Brentford,Chelsea,5.0,5,3,6,12,14.0,5,7,8,10,3,2,1,0
2024-03-02,Everton,West Ham,7.0,5,4,4,6,5.0,5,4,5,14,3,2,0,1
2024-03-02,Fulham,Brighton,7.0,5,8,8,6,7.0,5,7,11,8,3,2,1,0
2024-03-02,Newcastle,Wolves,7.0,5,8,13,13,6.0,5,9,10,9,3,1,2,0
2024-03-02,Nott'm Forest,Liverpool,7.0,5,4,8,10,10.0,5,12,16,7,3,1,0,2
2024-03-02,Tottenham,Crystal Palace,14.0,5,8,10,9,7.0,5,7,9,10,3,3,0,0
2024-03-02,Luton,Aston Villa,10.0,5,4,11,13,7.0,5,9,13,8,1,0,0,1
2024-03-03,Burnley,Bournemouth,8.0,5,1,4,16,8.0,5,3,5,8,1,0,0,1
2024-03-03,Man City,Man United,8.0,5,13,8,2,8.0,5,12,12,7,3,2,0,1
2024-03-04,Sheffield United,Arsenal,8.0,5,3,5,15,9.0,5,15,20,3,1,0,0,1
2024-03-09,Man United,Everton,6.0,5,9,9,7,7.0,5,3,5,9,3,3,0,0
2024-03-09,Bournemouth,Sheffield United,6.0,5,5,6,7,5.0,5,3,3,18,1,1,0,0
2024-03-09,Crystal Palace,Luton,7.0,5,4,7,11,7.0,5,1,9,16,1,0,0,1
2024-03-09,Wolves,Fulham,7.0,5,9,7,8,7.0,5,10,11,6,3,0,2,1
2024-03-09,Arsenal,Brentford,5.0,5,15,24,2,7.0,5,4,7,11,3,2,1,0
2024-03-10,Aston Villa,Tottenham,8.0,5,12,15,7,8.0,5,10,11,8,3,3,0,0
2024-03-10,Brighton,Nott'm Forest,8.0,5,7,11,7,8.0,5,4,7,9,3,1,1,1
2024-03-10,West Ham,Burnley,8.0,5,6,7,14,7.0,5,1,3,15,1,1,0,0
2024-03-10,Liverpool,Man City,8.0,5,12,13,6,7.0,5,13,8,2,3,1,1,1
2024-03-11,Chelsea,Newcastle,9.0,5,5,9,12,9.0,5,8,13,12,3,0,1,2
2024-03-13,Bournemouth,Luton,4.0,5,5,7,8,4.0,5,1,6,13,0,0,0,0
2024-03-16,Burnley,Brentford,6.0,5,1,3,15,7.0,5,1,6,13,1,0,0,1
2024-03-16,Luton,Nott'm Forest,3.0,5,1,8,14,6.0,5,3,6,9,1,0,1,0
2024-03-16,Fulham,Tottenham,7.0,5,9,10,6,6.0,5,10,12,6,3,0,0,3
2024-03-17,West Ham,Aston Villa,7.0,5,7,9,13,7.0,5,9,10,11,3,1,1,1
2024-03-30,Newcastle,West Ham,19.0,5,7,11,11,13.0,5,8,10,8,3,1,2,0
2024-03-30,Bournemouth,Everton,17.0,5,8,10,8,21.0,5,2,3,9,3,1,0,2
2024-03-30,Chelsea,Burnley,19.0,5,8,11,10,14.0,5,4,4,13,1,1,0,0
2024-03-30,Nott'm Forest,Crystal Palace,14.0,5,4,5,7,21.0,5,5,7,8,3,1,2,0
2024-03-30,Sheffield United,Fulham,21.0,5,4,5,15,14.0,5,9,10,5,1,0,0,1
2024-03-30,Tottenham,Luton,14.0,5,9,10,7,14.0,5,2,8,13,1,1,0,0
2024-03-30,Aston Villa,Wolves,13.0,5,10,10,10,21.0,5,9,5,7,3,0,2,1
2024-03-30,Brentford,Man United,14.0,5,1,6,11,21.0,5,9,8,7,3,1,0,2
2024-03-31,Liverpool,Brighton,21.0,5,13,13,4,21.0,5,7,8,6,3,0,2,1
2024-03-31,Man City,Arsenal,21.0,5,11,7,3,22.0,5,15,23,2,3,2,0,1
2024-04-02,Newcastle,Everton,3.0,5,7,12,12,3.0,5,2,4,9,3,2,0,1
2024-04-02,Nott'm Forest,Fulham,3.0,5,2,4,8,3.0,5,10,12,6,3,0,0,3
2024-04-02,Bournemouth,Crystal Palace,3.0,5,10,10,7,3.0,5,6,7,6,3,1,0,2
2024-04-02,Burnley,Wolves,3.0,5,5,6,10,3.0,5,9,5,7,1,0,0,1
2024-04-02,West Ham,Tottenham,3.0,5,8,13,10,3.0,5,9,10,7,3,1,1,1
2024-04-03,Arsenal,Luton,3.0,5,13,17,2,4.0,5,2,8,11,1,1,0,0
2024-04-03,Brentford,Brighton,4.0,5,2,7,11,3.0,5,7,8,6,3,1,1,1
2024-04-03,Man City,Aston Villa,3.0,5,11,6,2,4.0,5,10,10,9,3,1,1,1
2024-04-04,Liverpool,Sheffield United,4.0,5,13,12,4,5.0,5,2,5,17,1,1,0,0
2024-04-04,Chelsea,Man United,5.0,5,9,11,8,5.0,5,7,7,7,3,0,1,2
2024-04-06,Crystal Palace,Man City,4.0,5,5,6,6,3.0,5,11,9,3,3,0,1,2
2024-04-06,Aston Villa,Brentford,3.0,5,7,7,11,3.0,5,3,5,7,3,2,1,0
2024-04-06,Everton,Burnley,4.0,5,2,4,9,4.0,5,6,7,8,1,1,0,0
2024-04-06,Fulham,Newcastle,4.0,5,7,11,8,4.0,5,7,11,11,3,0,0,3
2024-04-06,Luton,Bournemouth,3.0,5,2,6,10,4.0,5,13,11,6,1,0,0,1
2024-04-06,Wolves,West Ham,4.0,5,7,4,7,4.0,5,6,10,9,3,1,0,2
2024-04-06,Brighton,Arsenal,3.0,5,5,3,6,3.0,5,13,14,2,3,1,0,2
2024-04-07,Man United,Liverpool,3.0,5,4,8,10,3.0,5,13,11,4,3,1,1,1
2024-04-07,Sheffield United,Chelsea,3.0,5,2,6,15,3.0,5,9,12,10,1,0,0,1
2024-04-07,Tottenham,Nott'm Forest,5.0,5,10,10,6,5.0,5,5,5,5,3,3,0,0
2024-04-13,Newcastle,Tottenham,7.0,5,10,11,7,6.0,5,10,10,6,3,2,0,1
2024-04-13,Brentford,Sheffield United,7.0,5,3,6,8,6.0,5,3,8,16,1,0,0,1
2024-04-13,Burnley,Brighton,7.0,5,6,7,7,7.0,5,4,2,8,1,0,1,0
2024-04-13,Man City,Luton,7.0,5,11,12,5,7.0,5,4,7,10,1,1,0,0
2024-04-13,Nott'm Forest,Wolves,6.0,5,5,6,7,7.0,5,4,4,9,3,0,2,1
2024-04-13,Bournemouth,Man United,7.0,5,10,10,8,6.0,5,5,9,10,3,1,0,2
2024-04-14,Liverpool,Crystal Palace,7.0,5,11,9,5,8.0,5,2,5,10,3,1,2,0
2024-04-14,West Ham,Fulham,8.0,5,6,9,9,8.0,5,4,8,9,3,2,0,1
2024-04-14,Arsenal,Aston Villa,8.0,5,13,13,1,8.0,5,5,7,12,3,2,0,1
2024-04-15,Chelsea,Everton,8.0,5,9,13,11,9.0,5,4,4,8,3,1,1,1
2024-04-20,Luton,Brentford,7.0,5,4,5,11,7.0,5,6,7,6,1,0,0,1
2024-04-20,Sheffield United,Burnley,7.0,5,3,8,12,7.0,5,6,6,6,1,0,0,1
2024-04-20,Wolves,Arsenal,7.0,5,5,6,8,6.0,5,10,7,3,3,0,0,3
2024-04-21,Everton,Nott'm Forest,6.0,5,4,3,11,8.0,5,6,8,8,3,1,2,0
2024-04-21,Aston Villa,Bournemouth,7.0,5,8,9,8,8.0,5,10,10,8,3,1,1,1
2024-04-21,Crystal Palace,West Ham,7.0,5,5,5,7,7.0,5,5,7,9,3,2,1,0
2024-04-21,Fulham,Liverpool,7.0,5,7,9,7,7.0,5,8,8,6,3,0,1,2
2024-04-23,Arsenal,Chelsea,3.0,5,10,7,2,8.0,5,11,17,9,3,2,1,0
2024-04-24,Wolves,Bournemouth,4.0,5,2,4,9,3.0,5,7,7,8,3,1,1,1
2024-04-24,Crystal Palace,Newcastle,3.0,5,7,9,8,11.0,5,10,12,7,3,0,2,1
2024-04-24,Everton,Liverpool,3.0,5,7,5,9,3.0,5,10,10,6,3,0,1,2
2024-04-24,Man United,Sheffield United,11.0,5,6,10,9,4.0,5,2,7,14,1,1,0,0
2024-04-25,Brighton,Man City,12.0,5,5,3,6,12.0,5,11,14,5,3,0,1,2
2024-04-27,West Ham,Liverpool,6.0,5,4,8,13,3.0,5,7,8,7,3,0,0,3
2024-04-27,Fulham,Crystal Palace,6.0,5,4,7,10,3.0,5,9,10,7,3,1,2,0
2024-04-27,Man United,Burnley,3.0,5,6,12,11,7.0,5,6,8,6,1,1,0,0
2024-04-27,Newcastle,Sheffield United,3.0,5,10,10,6,3.0,5,1,6,15,1,1,0,0
2024-04-27,Wolves,Luton,3.0,5,2,4,8,7.0,5,3,5,15,1,0,1,0
2024-04-27,Everton,Brentford,3.0,5,10,6,7,7.0,5,9,11,5,3,2,1,0
2024-04-27,Aston Villa,Chelsea,6.0,5,10,11,8,4.0,5,8,14,12,3,2,0,1
2024-04-28,Bournemouth,Brighton,4.0,5,7,6,7,3.0,5,2,2,10,3,0,0,3
2024-04-28,Tottenham,Arsenal,15.0,5,7,6,10,5.0,5,12,12,2,3,0,1,2
2024-04-28,Nott'm Forest,Man City,7.0,5,5,7,9,3.0,5,13,17,4,3,0,1,2
2024-05-02,Chelsea,Tottenham,5.0,5,8,14,12,4.0,5,7,8,10,3,1,1,1
2024-05-03,Luton,Everton,6.0,5,3,5,15,6.0,5,12,6,6,1,1,0,0
2024-05-04,Arsenal,Bournemouth,6.0,5,12,13,4,6.0,5,7,8,7,3,3,0,0
2024-05-04,Brentford,Fulham,7.0,5,8,10,5,7.0,5,4,5,8,3,2,0,1
2024-05-04,Burnley,Newcastle,7.0,5,6,7,5,7.0,5,10,11,4,1,0,0,1
2024-05-04,Sheffield United,Nott'm Forest,7.0,5,1,6,17,6.0,5,4,6,10,1,0,0,1
2024-05-04,Man City,Wolves,6.0,5,15,19,4,7.0,5,4,5,8,3,2,0,1
2024-05-05,Brighton,Aston Villa,7.0,5,2,1,11,8.0,5,8,11,10,3,0,0,3
2024-05-05,Chelsea,West Ham,3.0,5,8,12,9,8.0,5,5,7,11,3,1,1,1
2024-05-05,Liverpool,Tottenham,8.0,5,5,7,8,3.0,5,4,6,11,3,2,0,1
2024-05-06,Crystal Palace,Man United,9.0,5,10,11,7,9.0,5,6,12,11,3,1,1,1
2024-05-11,Fulham,Man City,7.0,5,5,4,5,7.0,5,15,20,4,3,0,0,3
2024-05-11,Bournemouth,Brentford,7.0,5,7,7,8,7.0,5,8,10,5,3,0,2,1
2024-05-11,Everton,Sheffield United,8.0,5,10,6,7,7.0,5,0,5,18,1,0,1,0
2024-05-11,Newcastle,Brighton,7.0,5,12,14,4,6.0,5,4,2,11,3,1,1,1
2024-05-11,Tottenham,Burnley,6.0,5,3,7,14,7.0,5,5,7,8,1,1,0,0
2024-05-11,West Ham,Luton,6.0,5,4,6,15,8.0,5,4,6,14,1,1,0,0
2024-05-11,Wolves,Crystal Palace,7.0,5,4,5,11,5.0,5,13,13,3,3,1,0,2
2024-05-11,Nott'm Forest,Chelsea,7.0,5,4,6,10,6.0,5,10,15,7,3,1,2,0
2024-05-12,Man United,Arsenal,6.0,5,6,9,11,8.0,5,12,13,4,3,1,0,2
2024-05-13,Aston Villa,Liverpool,8.0,5,8,10,7,8.0,5,7,9,8,3,0,1,2
2024-05-14,Tottenham,Man City,3.0,5,3,6,14,3.0,5,15,20,2,3,1,1,1
2024-05-15,Brighton,Chelsea,4.0,5,5,3,9,4.0,5,10,12,9,3,2,0,1
2024-05-15,Man United,Newcastle,3.0,5,5,7,10,4.0,5,10,14,5,3,0,1,2
2024-05-19,Arsenal,Everton,7.0,5,15,14,2,8.0,5,13,7,1,3,2,0,1
2024-05-19,Brentford,Newcastle,8.0,5,10,9,3,4.0,5,7,12,8,3,0,0,3
2024-05-19,Brighton,Man United,4.0,5,4,3,10,4.0,5,7,8,10,3,3,0,0
2024-05-19,Burnley,Nott'm Forest,8.0,5,5,8,9,8.0,5,4,7,10,1,0,1,0
2024-05-19,Chelsea,Bournemouth,4.0,5,13,14,5,8.0,5,6,6,8,3,2,1,0
2024-05-19,Crystal Palace,Aston Villa,8.0,5,13,15,4,6.0,5,8,10,7,3,1,0,2
2024-05-19,Liverpool,Wolves,6.0,5,8,12,10,8.0,5,3,4,12,3,2,0,1
2024-05-19,Luton,Fulham,8.0,5,1,5,16,8.0,5,5,4,8,1,0,0,1
2024-05-19,Man City,West Ham,5.0,5,15,17,1,8.0,5,4,7,15,3,3,0,0
2024-05-19,Sheffield United,Tottenham,8.0,5,0,5,17,5.0,5,3,6,12,1,0,0,1
2024-08-16,Man United,Fulham,89.0,5,7,6,8,89.0,5,5,6,10,4,3,0,1
2024-08-17,Ipswich,Liverpool,,0,0,0,0,90.0,5,8,11,9,0,0,0,0
2024-08-17,Arsenal,Wolves,90.0,5,15,14,3,90.0,5,3,4,12,4,4,0,0
2024-08-17,Everton,Brighton,90.0,5,10,6,3,90.0,5,4,3,8,4,1,2,1
2024-08-17,Newcastle,Southampton,90.0,5,10,16,8,447.0,5,1,9,16,2,2,0,0
2024-08-17,Nott'm Forest,Bournemouth,90.0,5,6,7,9,90.0,5,6,6,7,4,0,2,2
2024-08-17,West Ham,Aston Villa,90.0,5,4,8,16,90.0,5,5,8,12,4,1,2,1
2024-08-18,Brentford,Crystal Palace,91.0,5,7,9,7,91.0,5,13,15,2,4,0,3,1
2024-08-18,Chelsea,Man City,91.0,5,15,14,4,91.0,5,15,16,2,4,0,2,2
2024-08-19,Leicester,Tottenham,449.0,5,5,7,11,92.0,5,6,7,9,2,1,0,1
2024-08-24,Brighton,Man United,7.0,5,7,6,5,8.0,5,9,6,7,4,3,0,1
2024-08-24,Crystal Palace,West Ham,6.0,5,10,14,4,7.0,5,4,7,13,4,3,1,0
2024-08-24,Fulham,Leicester,8.0,5,5,5,8,5.0,5,5,6,10,2,2,0,0
2024-08-24,Man City,Ipswich,6.0,5,15,16,2,7.0,1,0,0,2,0,0,0,0
2024-08-24,Southampton,Nott'm Forest,7.0,5,1,8,14,7.0,5,7,8,8,2,0,0,2
2024-08-24,Tottenham,Everton,5.0,5,7,8,8,7.0,5,7,4,6,4,2,2,0
2024-08-24,Aston Villa,Arsenal,7.0,5,5,7,12,7.0,5,15,11,3,4,2,0,2
2024-08-25,Bournemouth,Newcastle,8.0,5,4,6,8,8.0,5,10,12,7,4,1,3,0
2024-08-25,Wolves,Chelsea,8.0,5,3,4,13,7.0,5,12,12,6,4,3,0,1
2024-08-25,Liverpool,Brentford,8.0,5,11,13,7,7.0,5,7,6,7,4,3,0,1
2024-08-31,Arsenal,Brighton,7.0,5,15,10,1,7.0,5,7,7,6,4,3,0,1
2024-08-31,Brentford,Southampton,6.0,5,7,6,8,7.0,5,1,5,11,2,2,0,0
2024-08-31,Everton,Bournemouth,7.0,5,4,3,10,6.0,5,2,4,9,4,2,0,2
2024-08-31,Ipswich,Fulham,7.0,2,0,1,6,7.0,5,7,6,8,0,0,0,0
2024-08-31,Leicester,Aston Villa,7.0,5,5,4,7,7.0,5,4,5,12,2,1,0,1
2024-08-31,Nott'm Forest,Wolves,7.0,5,10,9,6,6.0,5,0,4,18,4,0,3,1
2024-08-31,West Ham,Man City,7.0,5,6,7,11,7.0,5,15,15,2,4,0,0,4
2024-09-01,Chelsea,Crystal Palace,7.0,5,12,13,8,8.0,5,9,13,5,4,4,0,0
2024-09-01,Newcastle,Tottenham,7.0,5,8,9,7,8.0,5,10,10,4,4,3,0,1
2024-09-01,Man United,Liverpool,8.0,5,9,7,5,7.0,5,13,13,5,4,1,2,1
2024-09-14,Southampton,Man United,14.0,5,1,6,12,13.0,5,9,7,7,2,0,1,1
2024-09-14,Brighton,Ipswich,14.0,5,7,7,6,14.0,3,1,2,7,0,0,0,0
2024-09-14,Crystal Palace,Leicester,13.0,5,7,10,6,14.0,5,5,5,6,2,1,1,0
2024-09-14,Fulham,West Ham,14.0,5,7,7,9,14.0,5,6,8,9,4,2,0,2
2024-09-14,Liverpool,Nott'm Forest,13.0,5,13,12,3,14.0,5,8,7,6,4,3,0,1
2024-09-14,Man City,Brentford,14.0,5,15,14,3,14.0,5,9,9,9,4,2,0,2
2024-09-14,Aston Villa,Everton,14.0,5,7,7,12,14.0,5,3,4,12,4,3,1,0
2024-09-14,Bournemouth,Chelsea,14.0,5,5,7,8,13.0,5,10,11,7,4,0,1,3
2024-09-15,Tottenham,Arsenal,14.0,5,7,9,5,15.0,5,13,8,2,4,0,1,3
2024-09-15,Wolves,Newcastle,15.0,5,1,4,14,14.0,5,10,10,7,4,0,2,2
2024-09-21,West Ham,Chelsea,7.0,5,4,6,9,7.0,5,10,10,6,4,1,1,2
2024-09-21,Aston Villa,Wolves,7.0,5,9,7,11,6.0,5,1,4,13,4,1,2,1
2024-09-21,Fulham,Newcastle,7.0,5,8,8,6,6.0,5,13,10,5,4,0,0,4
2024-09-21,Leicester,Everton,7.0,5,5,7,8,7.0,5,0,5,15,2,1,1,0
2024-09-21,Liverpool,Bournemouth,7.0,5,12,9,1,7.0,5,5,6,7,4,3,0,1
2024-09-21,Southampton,Ipswich,7.0,5,1,5,12,7.0,4,2,2,7,0,0,0,0
2024-09-21,Tottenham,Brentford,6.0,5,7,9,4,7.0,5,6,8,10,4,1,2,1
2024-09-21,Crystal Palace,Man United,7.0,5,5,9,7,7.0,5,9,7,5,4,2,1,1
2024-09-22,Brighton,Nott'm Forest,8.0,5,8,6,4,8.0,5,11,6,3,4,2,1,1
2024-09-22,Man City,Arsenal,8.0,5,15,14,4,7.0,5,13,8,2,4,2,1,1
2024-09-28,Newcastle,Man City,7.0,5,10,7,6,6.0,5,13,13,5,4,0,1,3
2024-09-28,Arsenal,Leicester,6.0,5,11,8,3,7.0,5,3,6,8,2,2,0,0
2024-09-28,Brentford,West Ham,7.0,5,6,7,9,7.0,5,4,5,9,4,3,0,1
2024-09-28,Chelsea,Brighton,7.0,5,10,11,5,6.0,5,9,8,4,4,2,0,2
2024-09-28,Everton,Crystal Palace,7.0,5,1,5,14,7.0,5,3,4,7,4,2,2,0
2024-09-28,Nott'm Forest,Fulham,6.0,5,9,6,4,7.0,5,8,7,5,4,1,0,3
2024-09-28,Wolves,Liverpool,7.0,5,1,5,14,7.0,5,12,10,1,4,1,0,3
2024-09-29,Ipswich,Aston Villa,8.0,5,3,3,8,8.0,5,12,10,7,0,0,0,0
2024-09-29,Man United,Tottenham,8.0,5,7,5,5,8.0,5,7,9,5,4,1,2,1
2024-09-30,Bournemouth,Southampton,9.0,5,5,5,8,9.0,5,1,2,9,2,1,0,1
2024-10-05,Crystal Palace,Liverpool,7.0,5,3,4,7,7.0,5,12,10,2,4,1,2,1
2024-10-05,Arsenal,Southampton,7.0,5,11,10,5,5.0,5,1,3,11,2,0,2,0
2024-10-05,Brentford,Wolves,7.0,5,4,6,9,7.0,5,1,6,14,4,1,1,2
2024-10-05,Leicester,Bournemouth,7.0,5,2,7,11,5.0,5,7,7,8,2,0,0,2
2024-10-05,Man City,Fulham,7.0,5,11,12,6,7.0,5,11,8,4,4,4,0,0
2024-10-05,West Ham,Ipswich,7.0,5,5,5,8,6.0,5,4,5,8,0,0,0,0
2024-10-05,Everton,Newcastle,7.0,5,4,7,12,7.0,5,8,7,7,4,1,1,2
2024-10-06,Aston Villa,Man United,7.0,5,10,10,8,7.0,5,4,4,8,4,1,0,3
2024-10-06,Chelsea,Nott'm Forest,8.0,5,13,15,5,8.0,5,8,5,4,4,1,2,1
2024-10-06,Brighton,Tottenham,8.0,5,6,7,8,7.0,5,9,11,4,4,1,0,3
2024-10-19,Tottenham,West Ham,13.0,5,6,9,7,14.0,5,5,7,9,4,1,2,1
2024-10-19,Fulham,Aston Villa,14.0,5,8,8,6,13.0,5,11,10,6,4,1,0,3
2024-10-19,Ipswich,Everton,14.0,5,4,5,8,14.0,5,5,7,8,0,0,0,0
2024-10-19,Man United,Brentford,13.0,5,5,3,6,14.0,5,7,11,10,4,2,1,1
2024-10-19,Newcastle,Brighton,14.0,5,8,6,6,13.0,5,6,8,9,4,1,2,1
2024-10-19,Southampton,Leicester,14.0,5,1,4,13,14.0,5,5,7,9,2,2,0,0
2024-10-19,Bournemouth,Arsenal,14.0,5,6,6,8,14.0,5,11,11,6,4,0,0,4
2024-10-20,Wolves,Man City,15.0,5,1,7,13,15.0,5,11,11,7,4,1,0,3
2024-10-20,Liverpool,Chelsea,15.0,5,12,9,2,14.0,5,11,10,4,4,1,3,0
2024-10-21,Nott'm Forest,Crystal Palace,15.0,5,6,5,5,16.0,5,3,4,6,4,1,3,0
2024-10-25,Leicester,Nott'm Forest,6.0,5,8,9,9,4.0,5,8,5,4,2,1,0,1
2024-10-26,Aston Villa,Bournemouth,7.0,5,11,11,6,7.0,5,6,5,6,4,2,1,1
2024-10-26,Brentford,Ipswich,7.0,5,4,9,11,7.0,5,3,4,9,0,0,0,0
2024-10-26,Brighton,Wolves,7.0,5,8,8,8,6.0,5,0,7,14,4,3,1,0
2024-10-26,Man City,Southampton,6.0,5,11,10,7,7.0,5,1,5,13,2,2,0,0
2024-10-26,Everton,Fulham,7.0,5,8,7,5,7.0,5,7,8,8,4,0,2,2
2024-10-27,Chelsea,Newcastle,7.0,5,10,10,5,8.0,5,5,4,6,4,1,1,2
2024-10-27,Crystal Palace,Tottenham,6.0,5,2,3,6,8.0,5,9,12,6,4,0,0,4
2024-10-27,West Ham,Man United,8.0,5,5,7,10,8.0,5,8,5,4,4,2,0,2
2024-10-27,Arsenal,Liverpool,8.0,5,10,10,7,7.0,5,12,8,3,4,2,2,0
2024-11-02,Newcastle,Arsenal,6.0,5,2,3,7,6.0,5,8,11,9,4,1,1,2
2024-11-02,Bournemouth,Man City,7.0,5,7,6,6,7.0,5,11,9,6,4,0,0,4
2024-11-02,Ipswich,Leicester,7.0,5,2,7,13,8.0,5,7,8,10,0,0,0,0
2024-11-02,Liverpool,Brighton,6.0,5,13,10,4,7.0,5,8,10,10,4,1,2,1
2024-11-02,Nott'm Forest,West Ham,8.0,5,8,7,5,6.0,5,7,8,10,4,2,0,2
2024-11-02,Southampton,Everton,7.0,5,1,5,11,7.0,5,9,6,3,2,1,0,1
2024-11-02,Wolves,Crystal Palace,7.0,5,1,8,14,6.0,5,4,2,4,4,1,0,3
2024-11-03,Tottenham,Aston Villa,7.0,5,9,12,6,8.0,5,9,9,5,4,1,0,3
2024-11-03,Man United,Chelsea,7.0,5,5,3,6,7.0,5,10,11,6,4,2,1,1
2024-11-04,Fulham,Brentford,9.0,5,7,8,8,9.0,5,7,12,12,4,1,1,2
2024-11-09,Brentford,Bournemouth,5.0,5,7,12,11,7.0,5,10,8,4,4,2,2,0
2024-11-09,Crystal Palace,Fulham,7.0,5,4,4,6,5.0,5,7,7,8,4,0,3,1
2024-11-09,West Ham,Everton,7.0,5,7,8,10,7.0,5,8,5,3,4,2,0,2
2024-11-09,Wolves,Southampton,7.0,5,2,9,13,7.0,5,3,5,10,2,2,0,0
2024-11-09,Brighton,Man City,7.0,5,7,9,10,7.0,5,10,8,6,4,0,1,3
2024-11-09,Liverpool,Aston Villa,7.0,5,13,9,5,6.0,5,6,7,8,4,2,2,0
2024-11-10,Man United,Leicester,7.0,5,5,4,7,8.0,5,7,8,10,2,2,0,0
2024-11-10,Nott'm Forest,Newcastle,8.0,5,10,8,3,8.0,5,5,3,4,4,1,0,3
2024-11-10,Tottenham,Ipswich,7.0,5,9,13,6,8.0,5,2,7,13,0,0,0,0
2024-11-10,Chelsea,Arsenal,7.0,5,8,9,7,8.0,5,7,9,8,4,0,1,3
2024-11-23,Leicester,Chelsea,13.0,5,7,6,9,13.0,5,6,6,6,2,0,0,2
2024-11-23,Arsenal,Nott'm Forest,13.0,5,5,6,7,13.0,5,10,9,5,4,3,0,1
2024-11-23,Aston Villa,Crystal Palace,14.0,5,5,5,8,14.0,5,4,3,6,4,2,0,2
2024-11-23,Bournemouth,Brighton,14.0,5,7,7,6,14.0,5,10,9,7,4,1,0,3
2024-11-23,Everton,Brentford,14.0,5,6,3,2,14.0,5,9,14,12,4,3,1,0
2024-11-23,Fulham,Wolves,14.0,5,7,8,8,14.0,5,5,10,11,4,1,2,1
2024-11-23,Man City,Tottenham,14.0,5,9,8,7,13.0,5,6,11,8,4,2,1,1
2024-11-24,Southampton,Liverpool,15.0,5,3,4,9,15.0,5,13,9,4,2,0,1,1
2024-11-24,Ipswich,Man United,14.0,5,4,7,12,14.0,5,8,7,4,0,0,0,0
2024-11-25,Newcastle,West Ham,15.0,5,7,5,4,16.0,5,7,7,9,4,2,2,0
2024-11-29,Brighton,Southampton,6.0,5,10,8,6,5.0,5,3,5,9,2,2,0,0
2024-11-30,Brentford,Leicester,7.0,5,7,9,9,7.0,5,4,6,11,2,0,2,0
2024-11-30,Crystal Palace,Newcastle,7.0,5,5,5,7,5.0,5,6,5,6,4,1,2,1
2024-11-30,Nott'm Forest,Ipswich,7.0,5,9,8,7,6.0,5,5,7,9,0,0,0,0
2024-11-30,Wolves,Bournemouth,7.0,5,8,11,7,7.0,5,7,8,7,4,1,1,2
2024-11-30,West Ham,Arsenal,5.0,5,7,5,8,7.0,5,5,6,6,4,1,1,2
2024-12-01,Chelsea,Aston Villa,8.0,5,8,7,6,8.0,5,5,7,10,4,1,1,2
2024-12-01,Man United,Everton,7.0,5,8,8,5,8.0,5,6,3,2,4,4,0,0
2024-12-01,Tottenham,Fulham,8.0,5,9,13,5,8.0,5,7,7,9,4,3,0,1
2024-12-01,Liverpool,Man City,7.0,5,13,11,6,8.0,5,6,5,9,4,1,2,1
2024-12-03,Ipswich,Crystal Palace,3.0,5,5,7,8,3.0,5,6,6,7,0,0,0,0
2024-12-03,Leicester,West Ham,3.0,5,1,4,13,3.0,5,7,6,9,2,2,0,0
2024-12-04,Everton,Wolves,3.0,5,3,1,6,4.0,5,8,12,9,4,0,1,3
2024-12-04,Man City,Nott'm Forest,3.0,5,3,3,10,4.0,5,9,8,7,4,3,1,0
2024-12-04,Newcastle,Liverpool,4.0,5,7,6,6,3.0,5,13,11,5,4,0,0,4
2024-12-04,Southampton,Chelsea,5.0,5,4,4,7,3.0,5,11,9,4,2,2,0,0
2024-12-04,Arsenal,Man United,4.0,5,8,11,6,3.0,5,8,10,4,4,3,0,1
2024-12-04,Aston Villa,Brentford,3.0,5,2,4,12,4.0,5,10,12,8,4,2,2,0
2024-12-05,Fulham,Brighton,4.0,5,8,7,7,6.0,5,8,8,7,4,3,1,0
2024-12-05,Bournemouth,Tottenham,5.0,5,7,10,9,4.0,5,7,10,5,4,1,0,3
2024-12-07,Aston Villa,Southampton,3.0,5,4,6,12,3.0,5,4,5,11,2,2,0,0
2024-12-07,Brentford,Newcastle,3.0,5,7,9,8,3.0,5,8,8,7,4,0,0,4
2024-12-07,Crystal Palace,Man City,4.0,5,6,6,7,3.0,5,3,5,10,4,0,1,3
2024-12-07,Man United,Nott'm Forest,3.0,5,8,9,4,3.0,5,6,5,9,4,3,0,1
2024-12-08,Fulham,Arsenal,3.0,5,10,9,7,4.0,5,10,11,4,4,1,1,2
2024-12-08,Ipswich,Bournemouth,5.0,5,5,4,5,3.0,5,9,10,8,0,0,0,0
2024-12-08,Leicester,Brighton,5.0,5,4,6,11,3.0,5,7,7,8,2,0,1,1
2024-12-08,Tottenham,Chelsea,3.0,5,7,10,5,4.0,5,11,12,4,4,1,1,2
2024-12-09,West Ham,Wolves,6.0,5,4,5,11,5.0,5,7,10,11,4,3,0,1
2024-12-14,Arsenal,Everton,6.0,5,11,12,4,10.0,5,5,4,5,4,3,0,1
2024-12-14,Liverpool,Fulham,10.0,5,13,12,6,6.0,5,8,8,7,4,3,1,0
2024-12-14,Newcastle,Leicester,7.0,5,5,9,11,6.0,5,4,7,12,2,1,1,0
2024-12-14,Wolves,Ipswich,5.0,5,6,9,11,6.0,5,4,4,6,0,0,0,0
2024-12-14,Nott'm Forest,Aston Villa,7.0,5,6,5,11,7.0,5,7,6,8,4,1,1,2
2024-12-15,Brighton,Crystal Palace,7.0,5,8,8,8,8.0,5,6,6,7,4,2,2,0
2024-12-15,Man City,Man United,8.0,5,4,6,10,8.0,5,7,10,6,4,3,0,1
2024-12-15,Chelsea,Brentford,7.0,5,13,15,6,8.0,5,10,12,8,4,0,2,2
2024-12-15,Southampton,Tottenham,8.0,5,1,4,12,7.0,5,4,9,8,2,0,1,1
2024-12-16,Bournemouth,West Ham,8.0,5,9,10,8,7.0,5,7,7,9,4,0,2,2
2024-12-21,Aston Villa,Man City,7.0,5,7,7,8,6.0,5,4,6,10,4,1,1,2
2024-12-21,Brentford,Nott'm Forest,6.0,5,7,10,8,7.0,5,9,6,9,4,2,2,0
2024-12-21,Ipswich,Newcastle,7.0,5,4,4,6,7.0,5,5,10,10,0,0,0,0
2024-12-21,West Ham,Brighton,5.0,5,7,8,10,6.0,5,5,7,10,4,1,1,2
2024-12-21,Crystal Palace,Arsenal,6.0,5,9,9,6,7.0,5,11,11,3,4,0,0,4
2024-12-22,Everton,Chelsea,8.0,5,6,4,4,7.0,5,15,16,6,4,1,1,2
2024-12-22,Fulham,Southampton,8.0,5,6,8,9,7.0,5,1,4,15,2,2,0,0
2024-12-22,Leicester,Wolves,8.0,5,4,7,13,8.0,5,3,8,13,2,2,0,0
2024-12-22,Man United,Bournemouth,7.0,5,7,9,7,6.0,5,10,9,6,4,2,1,1
2024-12-22,Tottenham,Liverpool,7.0,5,7,13,6,8.0,5,11,12,7,4,1,0,3
2024-12-26,Man City,Everton,5.0,5,4,7,8,4.0,5,6,4,4,4,3,1,0
2024-12-26,Bournemouth,Crystal Palace,4.0,5,13,11,4,5.0,5,8,8,9,4,2,0,2
2024-12-26,Chelsea,Fulham,4.0,5,13,14,5,4.0,5,7,7,5,4,2,1,1
2024-12-26,Newcastle,Aston Villa,5.0,5,8,14,8,5.0,5,9,7,7,4,3,0,1
2024-12-26,Nott'm Forest,Tottenham,5.0,5,12,8,6,4.0,5,4,12,12,4,0,0,4
2024-12-26,Southampton,West Ham,4.0,5,2,2,12,5.0,5,5,7,11,2,0,1,1
2024-12-26,Wolves,Man United,4.0,5,3,7,12,4.0,5,6,8,9,4,0,0,4
2024-12-26,Liverpool,Leicester,4.0,5,11,16,10,4.0,5,4,6,14,2,2,0,0
2024-12-27,Brighton,Brentford,6.0,5,3,6,10,6.0,5,6,10,10,4,1,2,1
2024-12-27,Arsenal,Ipswich,6.0,5,11,13,4,6.0,5,3,3,9,0,0,0,0
2024-12-29,Leicester,Man City,3.0,5,4,6,13,3.0,5,5,8,7,2,0,0,2
2024-12-29,Crystal Palace,Southampton,3.0,5,8,7,8,3.0,5,1,1,12,2,2,0,0
2024-12-29,Everton,Nott'm Forest,3.0,5,6,5,5,3.0,5,12,8,6,4,2,2,0
2024-12-29,Fulham,Bournemouth,3.0,5,9,8,5,3.0,5,11,7,2,4,1,1,2
2024-12-29,Tottenham,Wolves,3.0,5,3,11,12,3.0,5,6,7,8,4,1,0,3
2024-12-29,West Ham,Liverpool,3.0,5,8,6,6,3.0,5,11,16,9,4,0,1,3
2024-12-30,Aston Villa,Brighton,4.0,5,9,7,7,3.0,5,3,5,9,4,3,0,1
2024-12-30,Ipswich,Chelsea,3.0,5,3,3,9,4.0,5,10,12,7,0,0,0,0
2024-12-30,Man United,Newcastle,4.0,5,3,4,11,4.0,5,10,16,7,4,1,1,2
2025-01-01,Brentford,Arsenal,5.0,5,4,6,9,5.0,5,11,9,2,4,0,1,3
2025-01-04,Tottenham,Newcastle,6.0,5,4,13,13,5.0,5,12,15,4,5,1,0,4
2025-01-04,Aston Villa,Leicester,5.0,5,7,6,8,6.0,5,1,3,14,3,2,0,1
2025-01-04,Bournemouth,Everton,6.0,5,9,8,4,6.0,5,6,5,3,5,3,0,2
2025-01-04,Crystal Palace,Chelsea,6.0,5,8,8,9,5.0,5,7,7,8,5,0,1,4
2025-01-04,Man City,West Ham,6.0,5,5,7,7,6.0,5,8,5,8,5,5,0,0
2025-01-04,Southampton,Brentford,6.0,5,1,1,9,3.0,5,4,6,9,3,0,0,3
2025-01-04,Brighton,Arsenal,5.0,5,4,6,8,3.0,5,11,10,3,5,1,1,3
2025-01-05,Fulham,Ipswich,7.0,5,7,7,6,6.0,5,6,5,8,1,0,1,0
2025-01-05,Liverpool,Man United,7.0,5,11,19,9,6.0,5,3,4,11,5,2,2,1
2025-01-06,Wolves,Nott'm Forest,8.0,5,7,9,6,8.0,5,15,10,3,5,1,4,0
2025-01-14,Brentford,Man City,10.0,5,4,7,7,10.0,5,7,9,6,5,2,0,3
2025-01-14,Chelsea,Bournemouth,10.0,5,5,4,6,10.0,5,9,7,3,5,4,1,0
2025-01-14,West Ham,Fulham,10.0,5,5,4,11,9.0,5,7,8,7,5,2,1,2
2025-01-14,Nott'm Forest,Liverpool,8.0,5,15,10,1,9.0,5,11,18,8,5,2,0,3
2025-01-15,Everton,Aston Villa,11.0,5,3,1,4,11.0,5,7,7,9,5,0,1,4
2025-01-15,Leicester,Crystal Palace,11.0,5,0,2,14,11.0,5,8,7,8,3,0,2,1
2025-01-15,Newcastle,Wolves,11.0,5,15,15,1,9.0,5,7,8,7,5,3,2,0
2025-01-15,Arsenal,Tottenham,11.0,5,11,10,3,11.0,5,4,11,11,5,4,1,0
2025-01-16,Ipswich,Brighton,11.0,5,7,6,8,12.0,5,4,5,7,1,0,1,0
2025-01-16,Man United,Southampton,11.0,5,4,4,10,12.0,5,1,1,13,3,2,1,0
2025-01-18,Newcastle,Bournemouth,3.0,5,15,14,1,4.0,5,9,8,4,5,0,4,1
2025-01-18,Brentford,Liverpool,4.0,5,5,8,7,4.0,5,11,17,7,5,1,0,4
2025-01-18,Leicester,Fulham,3.0,5,0,2,12,4.0,5,6,8,8,3,0,0,3
2025-01-18,West Ham,Crystal Palace,4.0,5,7,6,12,3.0,5,8,6,7,5,1,1,3
2025-01-18,Arsenal,Aston Villa,3.0,5,13,12,4,3.0,5,10,7,7,5,3,0,2
2025-01-19,Everton,Tottenham,4.0,5,2,1,5,4.0,5,1,7,13,5,0,2,3
2025-01-19,Man United,Brighton,3.0,5,4,5,10,3.0,5,7,6,4,5,1,0,4
2025-01-19,Nott'm Forest,Southampton,5.0,5,13,9,1,3.0,5,1,2,11,3,3,0,0
2025-01-19,Ipswich,Man City,3.0,5,4,4,9,5.0,5,8,10,6,1,0,0,1
2025-01-20,Chelsea,Wolves,6.0,5,3,4,7,5.0,5,7,7,8,5,2,0,3
2025-01-25,Bournemouth,Nott'm Forest,7.0,5,9,9,5,6.0,5,13,10,3,5,2,3,0
2025-01-25,Brighton,Everton,6.0,5,9,8,4,6.0,5,4,4,7,5,2,2,1
2025-01-25,Liverpool,Ipswich,7.0,5,11,13,4,6.0,5,4,4,11,1,1,0,0
2025-01-25,Southampton,Newcastle,6.0,5,0,4,14,7.0,5,12,11,5,3,0,0,3
2025-01-25,Wolves,Arsenal,5.0,5,4,5,11,7.0,5,11,9,5,5,0,0,5
2025-01-25,Man City,Chelsea,6.0,5,11,15,4,5.0,5,5,7,8,5,3,2,0
2025-01-26,Crystal Palace,Brentford,8.0,5,11,7,2,8.0,5,5,8,7,5,1,3,1
2025-01-26,Tottenham,Leicester,7.0,5,1,6,10,8.0,5,0,2,11,3,1,1,1
2025-01-26,Aston Villa,West Ham,8.0,5,8,7,8,8.0,5,6,5,13,5,2,2,1
2025-01-26,Fulham,Man United,8.0,5,8,10,8,7.0,5,4,6,10,5,1,0,4
2025-02-01,Nott'm Forest,Brighton,7.0,5,10,9,8,7.0,5,8,8,5,5,1,2,2
2025-02-01,Bournemouth,Liverpool,7.0,5,11,14,5,7.0,5,11,14,4,5,1,0,4
2025-02-01,Everton,Leicester,7.0,5,6,4,6,6.0,5,3,3,9,3,0,2,1
2025-02-01,Ipswich,Southampton,7.0,5,4,5,14,7.0,5,0,5,16,1,0,1,0
2025-02-01,Newcastle,Fulham,7.0,5,12,11,6,6.0,5,5,8,8,5,4,0,1
2025-02-01,Wolves,Aston Villa,7.0,5,1,3,12,6.0,5,9,8,6,5,1,2,2
2025-02-02,Brentford,Tottenham,7.0,5,7,10,8,7.0,5,1,7,11,5,1,2,2
2025-02-02,Man United,Crystal Palace,7.0,5,7,7,8,7.0,5,10,8,4,5,1,2,2
2025-02-02,Arsenal,Man City,8.0,5,11,9,5,8.0,5,13,17,4,5,1,2,2
2025-02-03,Chelsea,West Ham,9.0,5,5,7,9,8.0,5,4,5,14,5,3,1,1
2025-02-12,Everton,Liverpool,11.0,5,9,8,4,11.0,5,11,11,4,4,1,1,2
2025-02-14,Brighton,Chelsea,13.0,5,7,6,10,11.0,5,8,9,8,5,2,0,3
2025-02-15,Leicester,Arsenal,14.0,5,3,3,11,13.0,5,11,11,5,3,0,0,3
2025-02-15,Aston Villa,Ipswich,14.0,5,8,6,6,14.0,5,1,4,16,1,0,1,0
2025-02-15,Fulham,Nott'm Forest,14.0,5,7,8,7,14.0,5,10,14,8,5,4,0,1
2025-02-15,Man City,Newcastle,13.0,5,10,16,9,14.0,5,9,10,8,5,3,2,0
2025-02-15,Southampton,Bournemouth,14.0,5,3,6,15,14.0,5,10,12,5,3,1,0,2
2025-02-15,West Ham,Brentford,12.0,5,4,6,11,13.0,5,7,9,7,5,1,1,3
2025-02-15,Crystal Palace,Everton,13.0,5,10,8,3,3.0,5,10,10,5,5,0,2,3
2025-02-16,Liverpool,Wolves,4.0,5,11,11,4,15.0,5,3,3,10,5,4,0,1
2025-02-16,Tottenham,Man United,14.0,5,3,7,9,14.0,5,7,7,8,5,2,2,1
2025-02-19,Aston Villa,Liverpool,4.0,5,6,5,6,3.0,5,13,12,4,5,0,2,3
2025-02-21,Leicester,Brentford,6.0,5,3,2,11,6.0,5,7,5,7,3,0,2,1
2025-02-22,Everton,Man United,7.0,5,13,12,5,6.0,5,6,5,7,5,0,0,5
2025-02-22,Arsenal,West Ham,7.0,5,13,12,4,7.0,5,4,5,8,5,3,1,1
2025-02-22,Bournemouth,Wolves,7.0,5,10,14,6,6.0,5,3,4,9,5,3,1,1
2025-02-22,Fulham,Crystal Palace,7.0,5,9,8,6,7.0,5,9,8,4,5,2,3,0
2025-02-22,Ipswich,Tottenham,7.0,5,1,3,15,6.0,5,6,7,7,1,1,0,0
2025-02-22,Southampton,Brighton,7.0,5,3,7,13,8.0,5,9,8,9,3,0,1,2
2025-02-22,Aston Villa,Chelsea,3.0,5,4,6,8,8.0,5,7,8,10,5,2,1,2
2025-02-23,Newcastle,Nott'm Forest,8.0,5,6,8,11,8.0,5,7,12,10,5,4,0,1
2025-02-23,Man City,Liverpool,8.0,5,10,16,8,4.0,5,11,12,6,5,1,2,2
2025-02-25,Brighton,Bournemouth,3.0,5,9,10,9,3.0,5,9,12,5,5,4,0,1
2025-02-25,Crystal Palace,Aston Villa,3.0,5,9,8,4,3.0,5,6,6,7,5,2,1,2
2025-02-25,Wolves,Fulham,3.0,5,6,5,6,3.0,5,9,6,5,5,2,2,1
2025-02-25,Chelsea,Southampton,3.0,5,6,7,10,3.0,5,3,6,14,3,1,0,2
2025-02-26,Brentford,Everton,5.0,5,9,7,5,4.0,5,11,11,5,5,0,2,3
2025-02-26,Man United,Ipswich,4.0,5,4,4,8,4.0,5,1,4,17,1,0,1,0
2025-02-26,Nott'm Forest,Arsenal,3.0,5,6,14,13,4.0,5,10,10,4,5,1,0,4
2025-02-26,Tottenham,Man City,4.0,5,9,10,6,3.0,5,9,14,8,5,2,1,2
2025-02-26,Liverpool,Newcastle,3.0,5,11,10,5,3.0,5,6,9,14,5,4,1,0
2025-02-27,West Ham,Leicester,5.0,5,4,3,6,6.0,5,3,2,13,3,0,0,3
2025-03-08,Nott'm Forest,Man City,10.0,5,4,11,11,10.0,5,9,9,8,5,0,1,4
2025-03-08,Brighton,Fulham,11.0,5,9,9,9,11.0,5,9,6,6,5,0,1,4
2025-03-08,Crystal Palace,Ipswich,11.0,5,9,10,5,10.0,5,1,6,14,1,1,0,0
2025-03-08,Liverpool,Southampton,10.0,5,11,10,5,11.0,5,3,4,15,3,2,1,0
2025-03-08,Brentford,Aston Villa,10.0,5,10,8,4,11.0,5,5,6,10,5,0,2,3
2025-03-08,Wolves,Everton,11.0,5,6,5,5,10.0,5,9,11,6,5,3,1,1
2025-03-09,Chelsea,Leicester,12.0,5,6,8,9,10.0,5,3,2,13,3,3,0,0
2025-03-09,Tottenham,Bournemouth,11.0,5,9,8,4,12.0,5,6,9,6,5,3,0,2
2025-03-09,Man United,Arsenal,11.0,5,7,6,7,11.0,5,10,8,2,5,1,0,4
2025-03-10,West Ham,Newcastle,11.0,5,7,5,4,12.0,5,6,8,12,5,1,2,2
2025-03-15,Everton,West Ham,7.0,5,7,8,7,5.0,5,6,4,4,5,2,1,2
2025-03-15,Ipswich,Nott'm Forest,7.0,5,1,5,11,7.0,5,7,12,6,1,0,0,1
2025-03-15,Man City,Brighton,7.0,5,6,6,8,7.0,5,12,11,9,5,3,1,1
2025-03-15,Southampton,Wolves,7.0,5,3,4,15,7.0,5,7,6,5,3,0,0,3
2025-03-15,Bournemouth,Brentford,6.0,5,4,6,8,7.0,5,7,6,4,5,0,2,3
2025-03-16,Arsenal,Chelsea,7.0,5,8,8,3,7.0,5,9,8,6,5,3,2,0
2025-03-16,Fulham,Tottenham,8.0,5,9,7,7,7.0,5,10,9,4,5,1,1,3
2025-03-16,Leicester,Man United,7.0,5,0,0,13,7.0,5,5,6,8,3,0,0,3
2025-04-01,Arsenal,Fulham,16.0,5,8,4,2,16.0,5,9,7,6,5,2,2,1
2025-04-01,Wolves,West Ham,17.0,5,7,6,6,17.0,5,7,4,3,5,1,0,4
2025-04-01,Nott'm Forest,Man United,17.0,5,7,9,8,16.0,5,8,9,6,5,2,0,3
2025-04-02,Bournemouth,Ipswich,18.0,5,4,7,8,18.0,5,1,6,13,1,1,0,0
2025-04-02,Brighton,Aston Villa,18.0,5,13,13,4,25.0,5,8,7,8,5,1,1,3
2025-04-02,Man City,Leicester,18.0,5,7,7,5,17.0,5,0,0,12,3,3,0,0
2025-04-02,Newcastle,Brentford,23.0,5,6,6,11,18.0,5,10,8,3,5,4,0,1
2025-04-02,Southampton,Crystal Palace,18.0,5,0,3,16,25.0,5,12,10,3,3,0,0,3
2025-04-02,Liverpool,Everton,25.0,5,13,11,4,18.0,5,7,7,6,5,2,2,1
2025-04-03,Chelsea,Tottenham,18.0,5,6,6,6,18.0,5,7,7,6,5,3,1,1
2025-04-05,Everton,Arsenal,3.0,5,4,5,6,4.0,5,8,4,3,5,1,1,3
2025-04-05,Crystal Palace,Brighton,3.0,5,10,9,4,3.0,5,10,10,7,5,1,2,2
2025-04-05,Ipswich,Wolves,3.0,5,3,7,13,4.0,5,10,6,4,1,1,0,0
2025-04-05,West Ham,Bournemouth,4.0,5,7,4,3,3.0,5,1,5,9,5,2,3,0
2025-04-05,Aston Villa,Nott'm Forest,3.0,5,10,9,7,4.0,5,10,9,6,5,2,1,2
2025-04-06,Brentford,Chelsea,4.0,5,7,8,5,3.0,5,9,7,3,5,2,2,1
2025-04-06,Fulham,Liverpool,5.0,5,6,6,7,4.0,5,13,10,3,5,0,2,3
2025-04-06,Tottenham,Southampton,3.0,5,4,6,7,4.0,5,1,3,14,3,2,1,0
2025-04-06,Man United,Man City,5.0,5,8,9,6,4.0,5,7,5,5,5,2,0,3
2025-04-07,Leicester,Newcastle,5.0,5,0,0,12,5.0,5,9,7,10,3,0,1,2
2025-04-12,Man City,Crystal Palace,6.0,5,8,5,3,7.0,5,13,10,3,5,3,2,0
2025-04-12,Brighton,Leicester,7.0,5,7,7,9,5.0,5,0,0,11,3,1,2,0
2025-04-12,Nott'm Forest,Everton,7.0,5,10,7,4,7.0,5,4,4,5,5,1,2,2
2025-04-12,Southampton,Aston Villa,6.0,5,1,4,13,7.0,5,12,9,6,3,0,0,3
2025-04-12,Arsenal,Brentford,7.0,5,9,5,3,6.0,5,5,4,5,5,4,1,0
2025-04-13,Chelsea,Ipswich,7.0,5,10,6,1,8.0,5,3,7,11,1,0,0,1
2025-04-13,Liverpool,West Ham,7.0,5,12,10,4,8.0,5,5,5,5,5,4,1,0
2025-04-13,Wolves,Tottenham,8.0,5,10,7,5,7.0,5,4,5,7,5,3,1,1
2025-04-13,Newcastle,Man United,6.0,5,12,10,6,7.0,5,8,7,4,5,3,1,1
2025-04-14,Bournemouth,Fulham,9.0,5,2,7,10,8.0,5,9,9,7,5,2,2,1
2025-04-16,Newcastle,Crystal Palace,3.0,5,12,10,4,4.0,5,10,10,8,5,1,3,1
2025-04-19,Brentford,Brighton,7.0,5,5,4,5,7.0,5,5,7,10,5,1,3,1
2025-04-19,Crystal Palace,Bournemouth,3.0,5,7,6,12,5.0,5,5,7,8,5,2,1,2
2025-04-19,Everton,Man City,7.0,5,6,4,4,7.0,5,8,9,5,5,0,2,3
2025-04-19,West Ham,Southampton,6.0,5,2,4,7,7.0,5,1,4,12,3,2,1,0
2025-04-19,Aston Villa,Newcastle,7.0,5,12,10,5,3.0,5,15,15,2,5,1,0,4
2025-04-20,Fulham,Chelsea,6.0,5,6,7,7,7.0,5,8,4,3,5,2,1,2
2025-04-20,Ipswich,Arsenal,7.0,5,4,7,10,8.0,5,9,6,4,1,0,0,1
2025-04-20,Man United,Wolves,7.0,5,5,5,6,7.0,5,13,10,5,5,4,0,1
2025-04-20,Leicester,Liverpool,8.0,5,1,2,11,7.0,5,12,10,5,3,0,0,3
2025-04-21,Tottenham,Nott'm Forest,8.0,5,4,7,10,9.0,5,9,7,5,5,4,0,1
2025-04-22,Man City,Aston Villa,3.0,5,11,11,4,3.0,5,15,13,2,5,2,1,2
2025-04-23,Arsenal,Crystal Palace,3.0,5,11,9,3,4.0,5,5,5,12,5,5,0,0
2025-04-26,Chelsea,Everton,6.0,5,8,5,4,7.0,5,5,3,5,5,2,2,1
2025-04-26,Brighton,West Ham,7.0,5,2,7,13,7.0,5,3,5,7,5,2,2,1
2025-04-26,Newcastle,Ipswich,7.0,5,12,15,6,6.0,5,4,7,13,1,1,0,0
2025-04-26,Southampton,Fulham,7.0,5,2,4,10,6.0,5,6,7,7,3,0,1,2
2025-04-26,Wolves,Leicester,6.0,5,15,10,4,6.0,5,1,2,11,3,1,0,2
2025-04-27,Bournemouth,Man United,8.0,5,5,5,6,7.0,5,4,4,6,5,2,1,2
2025-04-27,Liverpool,Tottenham,7.0,5,12,9,5,6.0,5,3,6,10,5,4,0,1
2025-05-01,Nott'm Forest,Brentford,10.0,5,9,8,6,12.0,5,8,8,6,5,1,2,2
2025-05-02,Man City,Wolves,10.0,5,13,11,3,6.0,5,15,11,3,5,4,0,1
2025-05-03,Aston Villa,Fulham,11.0,5,12,13,4,7.0,5,6,7,8,5,4,0,1
2025-05-03,Everton,Ipswich,7.0,5,4,2,5,7.0,5,4,5,12,1,1,0,0
2025-05-03,Leicester,Southampton,7.0,5,1,2,11,7.0,5,2,4,10,3,1,0,2
2025-05-03,Arsenal,Bournemouth,10.0,5,9,10,5,6.0,5,6,5,5,5,4,0,1
2025-05-04,Brentford,Man United,3.0,5,8,8,5,7.0,5,2,2,7,5,1,1,3
2025-05-04,Brighton,Newcastle,8.0,5,4,8,13,8.0,5,12,16,5,5,2,2,1
2025-05-04,West Ham,Tottenham,8.0,5,2,6,9,7.0,5,3,7,13,5,1,2,2
2025-05-04,Chelsea,Liverpool,8.0,5,11,6,3,7.0,5,12,11,5,5,0,3,2
2025-05-05,Crystal Palace,Nott'm Forest,12.0,5,5,6,13,4.0,5,6,4,6,5,0,3,2
2025-05-10,Fulham,Everton,7.0,5,6,6,7,7.0,5,5,4,6,5,2,3,0
2025-05-10,Ipswich,Brentford,7.0,5,2,5,13,6.0,5,11,11,6,1,0,0,1
2025-05-10,Southampton,Man City,7.0,5,1,3,11,8.0,5,13,10,3,3,0,0,3
2025-05-10,Wolves,Brighton,8.0,5,12,10,4,6.0,5,5,9,11,5,0,2,3
2025-05-10,Bournemouth,Aston Villa,7.0,5,9,6,4,7.0,5,12,11,4,5,1,2,2
2025-05-11,Newcastle,Chelsea,7.0,5,10,14,6,7.0,5,11,8,4,5,2,1,2
2025-05-11,Man United,West Ham,7.0,5,2,5,10,7.0,5,3,7,9,5,2,0,3
2025-05-11,Nott'm Forest,Leicester,6.0,5,4,4,7,8.0,5,4,4,9,3,2,0,1
2025-05-11,Tottenham,Crystal Palace,7.0,5,4,8,13,6.0,5,3,5,13,5,4,0,1
2025-05-11,Liverpool,Arsenal,7.0,5,9,11,8,8.0,5,6,9,6,5,0,3,2
2025-05-16,Aston Villa,Tottenham,6.0,5,12,10,3,5.0,5,1,5,14,5,3,0,2
2025-05-16,Chelsea,Man United,5.0,5,10,8,6,5.0,5,1,5,12,5,1,2,2
2025-05-18,Everton,Southampton,8.0,5,7,6,6,8.0,5,2,2,8,3,1,0,2
2025-05-18,West Ham,Nott'm Forest,7.0,5,5,7,7,7.0,5,5,5,7,5,2,0,3
2025-05-18,Brentford,Fulham,8.0,5,13,12,6,8.0,5,3,4,8,5,2,1,2
2025-05-18,Leicester,Ipswich,7.0,5,5,6,8,8.0,5,2,4,12,1,0,1,0
2025-05-18,Arsenal,Newcastle,7.0,5,6,10,7,7.0,5,10,12,5,5,2,1,2
2025-05-19,Brighton,Liverpool,9.0,5,8,10,9,8.0,5,10,11,7,5,1,2,2
2025-05-20,Crystal Palace,Wolves,9.0,5,6,5,8,10.0,5,9,8,5,5,3,1,1
2025-05-20,Man City,Bournemouth,10.0,5,13,10,3,10.0,5,8,4,3,5,4,0,1
2025-05-25,Bournemouth,Leicester,5.0,5,5,4,6,7.0,5,7,6,6,3,2,0,1
2025-05-25,Fulham,Man City,7.0,5,6,7,9,5.0,5,13,8,2,5,0,0,5
2025-05-25,Ipswich,West Ham,7.0,5,1,2,12,7.0,5,5,7,7,1,0,0,1
2025-05-25,Liverpool,Crystal Palace,6.0,5,7,11,9,5.0,5,9,9,5,5,2,2,1
2025-05-25,Man United,Aston Villa,9.0,5,1,4,9,9.0,5,12,9,3,5,3,1,1
2025-05-25,Newcastle,Everton,7.0,5,7,7,6,7.0,5,7,7,6,5,2,2,1
2025-05-25,Nott'm Forest,Chelsea,7.0,5,8,7,7,9.0,5,12,7,4,5,1,3,1
2025-05-25,Southampton,Arsenal,7.0,5,2,2,7,7.0,5,8,10,6,3,0,2,1
2025-05-25,Tottenham,Brighton,9.0,5,1,3,12,6.0,5,10,11,9,5,3,0,2
2025-05-25,Wolves,Brentford,5.0,5,6,6,7,7.0,5,12,13,8,5,2,1,2
2025-08-15,Liverpool,Bournemouth,82.0,5,5,11,10,82.0,5,7,6,6,5,4,0,1
2025-08-16,Aston Villa,Newcastle,83.0,5,9,5,4,83.0,5,7,6,3,5,2,0,3
2025-08-16,Brighton,Fulham,83.0,5,13,13,6,83.0,5,6,6,9,5,1,1,3
2025-08-16,Sunderland,West Ham,,0,0,0,0,83.0,5,7,9,7,0,0,0,0
2025-08-16,Tottenham,Burnley,83.0,5,1,3,14,454.0,5,4,8,10,2,2,0,0
2025-08-16,Wolves,Man City,83.0,5,4,6,8,83.0,5,13,8,2,5,1,0,4
2025-08-17,Chelsea,Crystal Palace,84.0,5,12,6,3,84.0,5,9,10,6,5,3,2,0
2025-08-17,Nott'm Forest,Brentford,84.0,5,5,5,7,84.0,5,10,10,7,5,1,1,3
2025-08-17,Man United,Arsenal,84.0,5,4,6,8,84.0,5,8,8,7,5,0,1,4
2025-08-18,Leeds,Everton,813.0,5,1,6,15,85.0,5,10,8,4,2,0,1,1
2025-08-22,West Ham,Chelsea,6.0,5,7,7,7,5.0,5,10,5,3,5,1,1,3
2025-08-23,Man City,Tottenham,7.0,5,13,10,1,7.0,5,4,5,9,5,2,1,2
2025-08-23,Bournemouth,Wolves,8.0,5,6,7,9,7.0,5,1,3,12,5,3,0,2
2025-08-23,Brentford,Aston Villa,6.0,5,7,9,10,7.0,5,10,4,2,5,0,2,3
2025-08-23,Burnley,Sunderland,7.0,5,1,4,12,7.0,1,3,3,0,0,0,0,0
2025-08-23,Arsenal,Leeds,6.0,5,10,7,5,5.0,5,4,6,11,2,2,0,0
2025-08-24,Crystal Palace,Nott'm Forest,7.0,5,9,8,4,7.0,5,8,8,6,5,0,4,1
2025-08-24,Everton,Brighton,6.0,5,10,8,4,8.0,5,11,11,5,5,2,2,1
2025-08-24,Fulham,Man United,8.0,5,4,5,9,7.0,5,3,5,8,5,1,0,4
2025-08-25,Newcastle,Liverpool,9.0,5,5,3,3,10.0,5,5,10,11,5,0,1,4
2025-08-30,Chelsea,Fulham,8.0,5,10,7,3,6.0,5,5,6,9,5,3,1,1
2025-08-30,Man United,Burnley,6.0,5,4,3,5,7.0,5,3,5,11,2,1,1,0
2025-08-30,Sunderland,Brentford,7.0,2,3,3,2,7.0,5,7,6,7,0,0,0,0
2025-08-30,Tottenham,Bournemouth,7.0,5,6,6,8,7.0,5,6,6,8,5,2,1,2
2025-08-30,Wolves,Everton,7.0,5,1,3,12,6.0,5,12,8,2,5,2,2,1
2025-08-30,Leeds,Newcastle,7.0,5,4,5,14,5.0,5,4,4,5,2,0,2,0
2025-08-31,Brighton,Man City,7.0,5,10,10,6,8.0,5,10,9,3,5,1,2,2
2025-08-31,Nott'm Forest,West Ham,7.0,5,8,8,6,9.0,5,6,7,11,5,3,0,2
2025-08-31,Liverpool,Arsenal,6.0,5,8,12,10,8.0,5,13,11,3,5,0,4,1
2025-08-31,Aston Villa,Crystal Palace,8.0,5,7,3,3,7.0,5,9,8,4,5,2,1,2
2025-09-13,Arsenal,Nott'm Forest,13.0,5,12,9,2,13.0,5,7,6,7,5,3,1,1
2025-09-13,Bournemouth,Brighton,14.0,5,9,7,7,13.0,5,10,10,7,5,1,0,4
2025-09-13,Crystal Palace,Sunderland,13.0,5,9,9,4,14.0,3,6,5,3,0,0,0,0
2025-09-13,Everton,Aston Villa,14.0,5,12,8,3,13.0,5,4,2,6,5,0,1,4
2025-09-13,Fulham,Leeds,14.0,5,5,5,8,14.0,5,4,3,12,2,2,0,0
2025-09-13,Newcastle,Wolves,14.0,5,2,2,5,14.0,5,1,5,13,5,4,1,0
2025-09-13,West Ham,Tottenham,13.0,5,6,8,11,14.0,5,6,6,7,5,1,2,2
2025-09-13,Brentford,Chelsea,14.0,5,4,6,9,14.0,5,13,9,1,5,2,2,1
2025-09-14,Burnley,Liverpool,15.0,5,3,6,10,14.0,5,10,11,8,2,0,0,2
2025-09-14,Man City,Man United,14.0,5,9,10,5,15.0,5,7,6,5,5,2,1,2
2025-09-20,Liverpool,Everton,6.0,5,13,10,5,7.0,5,10,6,3,5,3,1,1
2025-09-20,Brighton,Tottenham,7.0,5,7,8,7,7.0,5,9,9,5,5,3,0,2
2025-09-20,Burnley,Nott'm Forest,6.0,5,3,5,9,7.0,5,4,4,9,2,0,1,1
2025-09-20,West Ham,Crystal Palace,7.0,5,6,7,12,7.0,5,7,5,2,5,1,1,3
2025-09-20,Wolves,Leeds,7.0,5,1,3,10,7.0,5,4,2,10,2,0,0,2
2025-09-20,Man United,Chelsea,6.0,5,7,6,7,7.0,5,11,10,3,5,2,1,2
2025-09-20,Fulham,Brentford,7.0,5,5,3,6,7.0,5,5,6,8,5,2,1,2
2025-09-21,Bournemouth,Newcastle,8.0,5,12,8,5,8.0,5,5,3,4,5,2,3,0
2025-09-21,Sunderland,Aston Villa,8.0,4,7,5,3,8.0,5,2,0,6,0,0,0,0
2025-09-21,Arsenal,Man City,8.0,5,12,11,2,7.0,5,9,10,4,5,2,2,1
2025-09-27,Brentford,Man United,7.0,5,4,6,10,7.0,5,7,6,8,5,1,1,3
2025-09-27,Chelsea,Brighton,7.0,5,8,10,5,7.0,5,5,6,8,5,3,0,2
2025-09-27,Crystal Palace,Liverpool,7.0,5,9,6,2,7.0,5,15,11,5,5,1,2,2
2025-09-27,Leeds,Bournemouth,7.0,5,7,4,7,6.0,5,10,6,5,2,1,0,1
2025-09-27,Man City,Burnley,6.0,5,7,9,5,7.0,5,4,5,8,2,2,0,0
2025-09-27,Nott'm Forest,Sunderland,7.0,5,5,5,9,6.0,5,8,6,4,0,0,0,0
2025-09-27,Tottenham,Wolves,7.0,5,10,10,3,7.0,5,0,3,12,5,0,1,4
2025-09-28,Aston Villa,Fulham,7.0,5,3,1,5,8.0,5,8,6,5,5,5,0,0
2025-09-28,Newcastle,Arsenal,7.0,5,6,3,3,7.0,5,10,10,2,5,2,0,3
2025-09-29,Everton,West Ham,9.0,5,7,6,5,9.0,5,3,5,13,5,1,2,2
2025-10-03,Bournemouth,Fulham,6.0,5,11,6,3,5.0,5,7,6,7,5,3,1,1
2025-10-04,Leeds,Tottenham,7.0,5,5,5,9,7.0,5,8,8,4,2,0,0,2
2025-10-04,Arsenal,West Ham,6.0,5,10,11,3,5.0,5,4,6,11,5,2,1,2
2025-10-04,Man United,Sunderland,7.0,5,7,7,10,7.0,5,8,4,4,0,0,0,0
2025-10-04,Chelsea,Liverpool,7.0,5,7,11,8,7.0,5,12,8,5,5,1,2,2
2025-10-05,Aston Villa,Burnley,7.0,5,5,4,6,8.0,5,4,6,10,2,2,0,0
2025-10-05,Everton,Crystal Palace,6.0,5,8,7,5,8.0,5,11,8,3,5,3,2,0
2025-10-05,Newcastle,Nott'm Forest,7.0,5,5,4,5,8.0,5,2,2,9,5,4,0,1
2025-10-05,Wolves,Brighton,8.0,5,1,4,9,8.0,5,7,8,8,5,0,2,3
2025-10-05,Brentford,Man City,8.0,5,7,8,8,8.0,5,7,10,6,5,1,1,3
2025-10-18,Nott'm Forest,Chelsea,13.0,5,1,1,10,14.0,5,7,8,8,5,1,2,2
2025-10-18,Brighton,Newcastle,13.0,5,8,9,7,13.0,5,8,4,2,5,2,2,1
2025-10-18,Burnley,Leeds,13.0,5,1,5,12,14.0,5,5,6,6,0,0,0,0
2025-10-18,Crystal Palace,Bournemouth,13.0,5,10,8,4,15.0,5,11,8,4,5,1,2,2
2025-10-18,Man City,Everton,13.0,5,10,11,4,13.0,5,8,7,6,5,4,1,0
2025-10-18,Sunderland,Wolves,14.0,5,8,4,4,13.0,5,2,5,9,0,0,0,0
2025-10-18,Fulham,Arsenal,15.0,5,6,6,9,14.0,5,10,8,3,5,1,2,2
2025-10-19,Tottenham,Aston Villa,15.0,5,8,8,5,14.0,5,8,6,6,5,2,0,3
2025-10-19,Liverpool,Man United,15.0,5,9,6,5,15.0,5,9,8,9,5,2,3,0
2025-10-20,West Ham,Brentford,16.0,5,4,5,8,15.0,5,4,7,9,5,1,1,3
2025-10-24,Leeds,West Ham,6.0,5,4,6,8,4.0,5,1,2,10,2,0,1,1
2025-10-25,Chelsea,Sunderland,7.0,5,7,9,8,7.0,5,8,4,3,0,0,0,0
2025-10-25,Newcastle,Fulham,7.0,5,7,5,4,7.0,5,6,6,8,5,3,0,2
2025-10-25,Man United,Brighton,6.0,5,9,7,8,7.0,5,8,9,7,5,1,0,4
2025-10-25,Brentford,Liverpool,5.0,5,7,8,7,6.0,5,6,6,7,5,0,0,5
2025-10-26,Arsenal,Crystal Palace,8.0,5,13,9,2,8.0,5,8,8,7,5,4,1,0
2025-10-26,Aston Villa,Man City,7.0,5,11,8,4,8.0,5,13,12,2,5,2,0,3
2025-10-26,Bournemouth,Nott'm Forest,8.0,5,9,10,7,8.0,5,1,1,10,5,2,3,0
2025-10-26,Wolves,Burnley,8.0,5,2,3,8,8.0,5,4,5,9,2,1,1,0
2025-10-26,Everton,Tottenham,8.0,5,5,4,6,7.0,5,8,9,6,5,1,2,2
2025-11-01,Brighton,Leeds,7.0,5,8,10,9,8.0,5,7,8,8,2,1,1,0
2025-11-01,Burnley,Arsenal,6.0,5,7,8,10,6.0,5,13,7,2,2,0,0,2
2025-11-01,Crystal Palace,Brentford,6.0,5,7,8,8,7.0,5,9,9,7,5,1,2,2
2025-11-01,Fulham,Wolves,7.0,5,3,6,10,6.0,5,2,5,10,5,2,1,2
2025-11-01,Nott'm Forest,Man United,6.0,5,1,1,9,7.0,5,12,11,7,5,3,0,2
2025-11-01,Tottenham,Chelsea,6.0,5,8,9,6,7.0,5,6,8,8,5,1,0,4
2025-11-01,Liverpool,Aston Villa,7.0,5,3,7,10,6.0,5,13,9,4,5,2,3,0
2025-11-02,West Ham,Newcastle,9.0,5,1,3,9,8.0,5,7,6,5,5,1,1,3
2025-11-02,Man City,Bournemouth,7.0,5,10,9,3,7.0,5,9,10,6,5,4,0,1
2025-11-03,Sunderland,Everton,9.0,5,10,6,4,8.0,5,4,4,9,0,0,0,0
2025-11-08,Tottenham,Man United,7.0,5,7,7,5,7.0,5,10,11,8,5,3,2,0
2025-11-08,Everton,Fulham,5.0,5,5,4,8,7.0,5,3,6,9,5,1,2,2
2025-11-08,West Ham,Burnley,6.0,5,4,5,8,7.0,5,6,7,11,2,1,1,0
2025-11-08,Sunderland,Arsenal,5.0,5,10,6,4,7.0,5,15,8,1,0,0,0,0
2025-11-08,Chelsea,Wolves,7.0,5,9,8,6,7.0,5,2,4,10,5,2,0,3
2025-11-09,Aston Villa,Bournemouth,8.0,5,12,8,5,7.0,5,8,11,9,5,3,2,0
2025-11-09,Brentford,Newcastle,8.0,5,9,8,6,7.0,5,6,7,8,5,1,0,4
2025-11-09,Crystal Palace,Brighton,8.0,5,7,8,7,8.0,5,10,11,7,5,2,1,2
2025-11-09,Nott'm Forest,Leeds,8.0,5,1,2,10,8.0,5,4,5,10,2,1,0,1
2025-11-09,Man City,Liverpool,7.0,5,12,11,3,8.0,5,3,7,9,5,1,2,2
2025-11-22,Burnley,Chelsea,14.0,5,6,8,9,14.0,5,12,10,3,2,0,1,1
2025-11-22,Bournemouth,West Ham,13.0,5,7,9,11,14.0,5,6,7,9,5,0,4,1
2025-11-22,Brighton,Brentford,13.0,5,8,8,6,13.0,5,9,8,6,5,1,3,1
2025-11-22,Fulham,Sunderland,14.0,5,3,5,8,14.0,5,8,7,6,0,0,0,0
2025-11-22,Liverpool,Nott'm Forest,13.0,5,3,6,10,13.0,5,4,5,10,5,3,1,1
2025-11-22,Wolves,Crystal Palace,14.0,5,1,3,12,13.0,5,5,6,6,5,1,1,3
2025-11-22,Newcastle,Man City,13.0,5,6,7,9,13.0,5,12,9,2,5,0,1,4
2025-11-23,Leeds,Aston Villa,14.0,5,3,4,11,14.0,5,12,9,4,2,0,1,1
2025-11-23,Arsenal,Tottenham,15.0,5,13,8,2,15.0,5,7,8,6,5,4,1,0
2025-11-24,Man United,Everton,16.0,5,11,12,7,16.0,5,7,5,7,5,4,1,0
2025-11-29,Brentford,Burnley,7.0,5,9,9,7,7.0,5,6,7,9,2,1,0,1
2025-11-29,Man City,Leeds,7.0,5,9,9,4,6.0,5,3,4,11,2,2,0,0
2025-11-29,Sunderland,Bournemouth,7.0,5,8,7,5,7.0,5,5,8,12,0,0,0,0
2025-11-29,Everton,Newcastle,5.0,5,7,4,6,7.0,5,6,7,10,5,2,2,1
2025-11-29,Tottenham,Fulham,6.0,5,4,7,9,7.0,5,6,5,5,5,2,1,2
2025-11-30,Crystal Palace,Man United,8.0,5,8,7,4,6.0,5,8,10,8,5,3,1,1
2025-11-30,Aston Villa,Wolves,7.0,5,12,9,4,8.0,5,0,2,13,5,2,1,2
2025-11-30,Nott'm Forest,Brighton,8.0,5,7,8,8,8.0,5,10,9,6,5,2,1,2
2025-11-30,West Ham,Liverpool,8.0,5,7,9,9,8.0,5,3,5,11,5,0,1,4
2025-11-30,Chelsea,Arsenal,8.0,5,12,10,2,7.0,5,13,10,3,5,0,2,3
2025-12-02,Bournemouth,Everton,3.0,5,4,7,12,3.0,5,7,5,8,5,3,0,2
2025-12-02,Fulham,Man City,3.0,5,9,7,5,3.0,5,9,10,6,5,0,0,5
2025-12-02,Newcastle,Tottenham,3.0,5,9,10,9,3.0,5,4,7,9,5,4,0,1
2025-12-03,Arsenal,Brentford,3.0,5,11,10,4,4.0,5,9,10,8,5,3,2,0
2025-12-03,Brighton,Aston Villa,3.0,5,10,9,5,3.0,5,12,8,3,5,1,1,3
2025-12-03,Burnley,Crystal Palace,4.0,5,3,6,12,3.0,5,7,5,3,2,0,0,2
2025-12-03,Wolves,Nott'm Forest,3.0,5,0,2,12,3.0,5,7,8,7,5,0,4,1
2025-12-03,Leeds,Chelsea,4.0,5,3,6,12,3.0,5,10,8,3,2,1,0,1
2025-12-03,Liverpool,Sunderland,3.0,5,6,6,9,4.0,5,8,8,7,0,0,0,0
2025-12-04,Man United,West Ham,4.0,5,8,10,8,4.0,5,7,9,9,5,1,0,4
2025-12-06,Aston Villa,Arsenal,3.0,5,12,11,6,3.0,5,11,11,4,5,2,1,2
2025-12-06,Bournemouth,Chelsea,4.0,5,1,5,13,3.0,5,10,8,4,5,0,2,3
2025-12-06,Everton,Nott'm Forest,4.0,5,10,6,5,3.0,5,10,9,5,5,3,1,1
2025-12-06,Man City,Sunderland,4.0,5,12,15,9,3.0,5,6,7,7,0,0,0,0
2025-12-06,Newcastle,Burnley,4.0,5,7,10,10,3.0,5,0,3,11,2,2,0,0
2025-12-06,Tottenham,Brentford,4.0,5,2,6,11,3.0,5,6,7,8,5,3,1,1
2025-12-06,Leeds,Liverpool,3.0,5,3,7,12,3.0,5,7,5,7,2,1,0,1
2025-12-07,Brighton,West Ham,4.0,5,10,10,5,3.0,5,8,9,8,5,2,2,1
2025-12-07,Fulham,Crystal Palace,5.0,5,9,10,8,4.0,5,10,6,2,5,1,3,1
2025-12-08,Wolves,Man United,5.0,5,0,0,10,4.0,5,6,7,7,5,2,0,3
2025-12-13,Chelsea,Everton,7.0,5,8,7,4,7.0,5,12,8,4,5,2,2,1
2025-12-13,Liverpool,Brighton,7.0,5,5,6,10,6.0,5,8,8,6,5,2,1,2
2025-12-13,Burnley,Fulham,7.0,5,0,4,11,6.0,5,6,8,10,2,1,1,0
2025-12-13,Arsenal,Wolves,7.0,5,8,10,6,5.0,5,0,1,11,5,5,0,0
2025-12-14,Crystal Palace,Man City,7.0,5,10,6,3,8.0,5,12,15,8,5,0,2,3
2025-12-14,Nott'm Forest,Tottenham,8.0,5,9,7,6,8.0,5,5,8,10,5,2,0,3
2025-12-14,Sunderland,Newcastle,8.0,5,5,6,9,8.0,5,10,11,8,0,0,0,0
2025-12-14,West Ham,Aston Villa,7.0,5,6,7,8,8.0,5,15,13,5,5,0,3,2
2025-12-14,Brentford,Leeds,8.0,5,6,7,8,8.0,5,4,10,12,2,1,1,0
2025-12-15,Man United,Bournemouth,7.0,5,8,9,6,9.0,5,2,4,10,5,1,2,2
2025-12-20,Newcastle,Chelsea,6.0,5,10,10,6,7.0,5,8,6,4,5,2,1,2
2025-12-20,Bournemouth,Burnley,5.0,5,3,8,10,7.0,5,0,4,11,2,2,0,0
2025-12-20,Brighton,Sunderland,7.0,5,7,8,8,6.0,5,7,5,7,0,0,0,0
2025-12-20,Man City,West Ham,6.0,5,12,15,8,6.0,5,3,6,9,5,5,0,0
2025-12-20,Wolves,Brentford,7.0,5,0,2,10,6.0,5,4,5,8,5,2,1,2
2025-12-20,Tottenham,Liverpool,6.0,5,4,6,11,7.0,5,8,8,7,5,1,0,4
2025-12-20,Everton,Arsenal,7.0,5,9,6,6,7.0,5,10,10,5,5,0,2,3
2025-12-20,Leeds,Crystal Palace,6.0,5,5,10,10,6.0,5,9,6,6,2,0,0,2
2025-12-21,Aston Villa,Man United,7.0,5,15,12,7,6.0,5,8,11,8,5,0,1,4
2025-12-22,Fulham,Nott'm Forest,9.0,5,9,11,10,8.0,5,9,7,5,5,4,0,1
2025-12-26,Man United,Newcastle,5.0,5,8,12,9,6.0,5,8,10,7,5,1,0,4
2025-12-27,Nott'm Forest,Man City,5.0,5,6,4,6,7.0,5,15,17,6,5,1,1,3
2025-12-27,Arsenal,Brighton,7.0,5,10,7,4,7.0,5,5,6,7,5,2,2,1
2025-12-27,Brentford,Bournemouth,7.0,5,7,6,6,7.0,5,3,7,9,5,4,1,0
2025-12-27,Burnley,Everton,7.0,5,1,5,10,7.0,5,6,5,7,2,0,0,2
2025-12-27,Liverpool,Wolves,7.0,5,11,10,5,7.0,5,0,2,10,5,5,0,0
2025-12-27,West Ham,Fulham,7.0,5,2,4,10,5.0,5,9,11,10,5,2,1,2
2025-12-27,Chelsea,Aston Villa,7.0,5,6,6,6,6.0,5,15,12,7,5,1,1,3
2025-12-28,Sunderland,Leeds,8.0,5,8,5,6,8.0,5,8,13,9,0,0,0,0
2025-12-28,Crystal Palace,Tottenham,8.0,5,6,5,10,8.0,5,4,6,9,5,2,0,3
2025-12-30,Burnley,Newcastle,3.0,5,2,4,7,4.0,5,5,6,7,3,0,0,3
2025-12-30,Chelsea,Bournemouth,3.0,5,5,6,7,3.0,5,3,6,10,5,2,3,0
2025-12-30,Nott'm Forest,Everton,3.0,5,6,5,6,3.0,5,7,4,3,5,1,0,4
2025-12-30,West Ham,Brighton,3.0,5,2,4,9,3.0,5,2,5,9,5,1,3,1
2025-12-30,Arsenal,Aston Villa,3.0,5,12,8,4,3.0,5,15,13,8,5,1,1,3
2025-12-30,Man United,Wolves,4.0,5,8,11,8,3.0,5,0,3,11,5,3,0,2
2026-01-01,Crystal Palace,Fulham,4.0,5,6,4,9,5.0,5,9,10,9,5,2,2,1
2026-01-01,Liverpool,Leeds,5.0,5,11,10,6,4.0,5,9,12,7,3,1,1,1
2026-01-01,Brentford,Tottenham,5.0,5,7,7,6,4.0,5,7,6,7,5,0,1,4
2026-01-01,Sunderland,Man City,4.0,5,6,3,5,5.0,5,15,16,5,1,0,0,1
2026-01-03,Aston Villa,Nott'm Forest,4.0,5,12,10,9,4.0,5,3,4,8,5,3,0,2
2026-01-03,Brighton,Burnley,4.0,5,3,4,7,4.0,5,2,5,9,2,0,2,0
2026-01-03,Wolves,West Ham,4.0,5,1,4,11,4.0,5,2,5,10,5,2,0,3
2026-01-03,Bournemouth,Arsenal,4.0,5,4,8,11,4.0,5,12,10,5,5,2,0,3
2026-01-04,Leeds,Man United,3.0,5,7,9,6,5.0,5,8,11,8,2,0,1,1
2026-01-04,Everton,Brentford,5.0,5,7,5,3,3.0,5,8,7,4,5,3,2,0
2026-01-04,Newcastle,Crystal Palace,5.0,5,7,7,6,3.0,5,4,4,10,5,2,2,1
2026-01-04,Tottenham,Sunderland,3.0,5,7,4,5,3.0,5,6,2,4,0,0,0,0
2026-01-04,Fulham,Liverpool,3.0,5,10,7,5,3.0,5,11,9,5,5,1,1,3
2026-01-04,Man City,Chelsea,3.0,5,13,11,1,5.0,5,6,7,6,5,3,2,0
2026-01-06,West Ham,Nott'm Forest,3.0,5,1,4,12,3.0,5,3,5,8,5,2,0,3
2026-01-07,Bournemouth,Tottenham,4.0,5,3,10,14,3.0,5,5,3,6,5,2,1,2
2026-01-07,Brentford,Sunderland,3.0,5,11,11,4,3.0,5,7,3,2,1,0,0,1
2026-01-07,Crystal Palace,Aston Villa,3.0,5,1,2,11,4.0,5,12,11,9,5,3,1,1
2026-01-07,Everton,Wolves,3.0,5,4,4,7,4.0,5,4,6,7,5,2,1,2
2026-01-07,Fulham,Chelsea,3.0,5,11,8,5,3.0,5,6,8,7,5,1,0,4
2026-01-07,Man City,Brighton,3.0,5,11,9,2,4.0,5,5,5,6,5,2,1,2
2026-01-07,Burnley,Man United,4.0,5,2,4,9,3.0,5,6,8,8,3,0,1,2
2026-01-07,Newcastle,Leeds,3.0,5,7,7,5,3.0,5,7,7,4,3,0,3,0
2026-01-08,Arsenal,Liverpool,5.0,5,15,12,5,4.0,5,11,8,4,5,1,3,1
2026-01-17,Man United,Man City,10.0,5,6,6,6,10.0,5,9,7,3,5,1,1,3
2026-01-17,Chelsea,Brentford,10.0,5,3,7,9,10.0,5,13,13,3,5,1,3,1
2026-01-17,Leeds,Fulham,10.0,5,6,9,7,10.0,5,11,7,4,3,0,0,3
2026-01-17,Liverpool,Burnley,9.0,5,9,6,4,10.0,5,3,4,8,3,3,0,0
2026-01-17,Sunderland,Crystal Palace,10.0,5,4,2,5,10.0,5,2,2,8,1,0,1,0
2026-01-17,Tottenham,West Ham,10.0,5,5,5,6,11.0,5,1,3,11,5,2,2,1
2026-01-17,Nott'm Forest,Arsenal,11.0,5,3,4,9,9.0,5,13,10,4,5,0,1,4
2026-01-18,Wolves,Newcastle,11.0,5,5,6,6,11.0,5,10,11,7,5,0,1,4
2026-01-18,Aston Villa,Everton,11.0,5,10,8,7,11.0,5,5,5,6,5,3,2,0
2026-01-19,Brighton,Bournemouth,12.0,5,6,6,5,12.0,5,5,9,12,5,3,0,2
2026-01-24,West Ham,Sunderland,7.0,5,4,5,9,7.0,5,6,4,6,1,0,0,1
2026-01-24,Burnley,Tottenham,7.0,5,3,4,8,7.0,5,5,5,6,3,0,0,3
2026-01-24,Fulham,Brighton,7.0,5,8,6,5,5.0,5,6,7,6,5,2,2,1
2026-01-24,Man City,Wolves,7.0,5,6,4,5,6.0,5,6,6,4,5,4,0,1
2026-01-24,Bournemouth,Liverpool,5.0,5,5,9,12,7.0,5,7,5,4,5,0,0,5
2026-01-25,Brentford,Nott'm Forest,8.0,5,10,11,5,8.0,5,4,4,8,5,2,1,2
2026-01-25,Crystal Palace,Chelsea,8.0,5,2,2,6,8.0,5,5,7,7,5,0,3,2
2026-01-25,Newcastle,Aston Villa,7.0,5,10,9,5,7.0,5,7,6,7,5,3,1,1
2026-01-25,Arsenal,Man United,8.0,5,11,9,4,8.0,5,9,7,4,5,4,1,0
2026-01-26,Everton,Leeds,8.0,5,8,6,5,9.0,5,6,6,6,3,1,1,1
2026-01-31,Brighton,Everton,7.0,5,6,7,6,5.0,5,8,7,6,5,1,2,2
2026-01-31,Leeds,Arsenal,5.0,5,6,6,6,6.0,5,8,9,6,3,0,0,3
2026-01-31,Wolves,Bournemouth,7.0,5,6,5,4,7.0,5,8,11,10,5,2,0,3
2026-01-31,Chelsea,West Ham,6.0,5,8,9,6,7.0,5,7,8,9,5,4,0,1
2026-01-31,Liverpool,Newcastle,7.0,5,4,5,6,6.0,5,10,9,6,5,4,1,0
2026-02-01,Aston Villa,Brentford,7.0,5,7,6,6,7.0,5,7,7,6,5,3,1,1
2026-02-01,Man United,Fulham,7.0,5,9,9,6,8.0,5,8,7,6,5,3,1,1
2026-02-01,Nott'm Forest,Crystal Palace,7.0,5,7,5,6,7.0,5,2,3,8,5,1,4,0
2026-02-01,Tottenham,Man City,8.0,5,3,6,8,8.0,5,6,4,4,5,2,1,2
2026-02-02,Sunderland,Burnley,9.0,5,5,4,8,9.0,5,3,6,10,1,0,0,1
2026-02-06,Leeds,Nott'm Forest,6.0,5,5,6,10,5.0,5,8,6,5,3,1,0,2
2026-02-07,Man United,Tottenham,6.0,5,11,11,7,6.0,5,3,8,10,5,0,2,3
2026-02-07,Arsenal,Sunderland,7.0,5,8,9,5,5.0,5,7,7,8,1,0,1,0
2026-02-07,Bournemouth,Aston Villa,7.0,5,10,11,8,6.0,5,7,5,3,5,0,2,3
2026-02-07,Burnley,West Ham,5.0,5,3,5,10,7.0,5,6,8,10,3,0,1,2
2026-02-07,Fulham,Everton,6.0,5,7,8,8,7.0,5,6,6,7,5,1,2,2
2026-02-07,Wolves,Chelsea,7.0,5,5,4,5,7.0,5,10,10,6,5,2,0,3
2026-02-07,Newcastle,Brentford,7.0,5,7,7,9,6.0,5,9,8,6,5,3,0,2
2026-02-08,Brighton,Crystal Palace,8.0,5,6,6,5,7.0,5,2,3,8,5,1,2,2
2026-02-08,Liverpool,Man City,8.0,5,6,9,7,7.0,5,6,6,6,5,2,2,1
2026-02-10,Chelsea,Leeds,3.0,5,12,12,6,4.0,5,7,8,10,3,1,0,2
2026-02-10,Everton,Bournemouth,3.0,5,9,6,4,3.0,5,11,10,6,5,2,0,3
2026-02-10,Tottenham,Newcastle,3.0,5,2,7,11,3.0,5,4,7,12,5,1,1,3
2026-02-10,West Ham,Man United,3.0,5,9,10,7,3.0,5,13,12,6,5,3,1,1
2026-02-11,Aston Villa,Brighton,4.0,5,5,3,3,3.0,5,3,4,6,5,3,1,1
2026-02-11,Crystal Palace,Burnley,3.0,5,5,4,6,4.0,5,3,5,10,3,3,0,0
2026-02-11,Man City,Fulham,3.0,5,8,7,6,4.0,5,6,7,8,5,5,0,0
2026-02-11,Nott'm Forest,Wolves,5.0,5,8,6,5,4.0,5,2,2,8,5,2,3,0
2026-02-11,Sunderland,Liverpool,4.0,5,6,6,10,3.0,5,5,8,7,1,0,1,0
2026-02-12,Brentford,Arsenal,5.0,5,9,7,6,5.0,5,8,9,3,5,0,1,4
2026-02-18,Wolves,Arsenal,7.0,5,2,1,7,6.0,5,8,10,4,5,0,0,5
2026-02-21,Aston Villa,Leeds,10.0,5,7,4,3,11.0,5,8,7,8,3,2,1,0
2026-02-21,Brentford,Brighton,9.0,5,7,5,7,10.0,5,2,3,6,5,1,2,2
2026-02-21,Chelsea,Burnley,11.0,5,13,13,6,10.0,5,5,6,10,3,2,1,0
2026-02-21,West Ham,Bournemouth,11.0,5,10,10,6,11.0,5,11,9,5,5,0,5,0
2026-02-21,Man City,Newcastle,10.0,5,10,9,5,11.0,5,4,5,10,5,3,1,1
2026-02-22,Crystal Palace,Wolves,11.0,5,4,6,9,4.0,5,2,3,9,5,4,1,0
2026-02-22,Nott'm Forest,Liverpool,11.0,5,6,4,4,11.0,5,7,9,7,5,2,1,2
2026-02-22,Sunderland,Fulham,11.0,5,6,6,8,11.0,5,3,5,10,1,0,0,1
2026-02-22,Tottenham,Arsenal,12.0,5,2,6,10,4.0,5,8,12,6,5,0,1,4
2026-02-23,Everton,Man United,13.0,5,8,6,5,13.0,5,13,11,5,5,1,1,3
2026-02-27,Wolves,Aston Villa,5.0,5,2,3,8,6.0,5,8,5,3,5,1,1,3
2026-02-28,Bournemouth,Sunderland,7.0,5,11,8,4,6.0,5,3,5,10,1,0,0,1
2026-02-28,Burnley,Brentford,7.0,5,5,6,10,7.0,5,7,5,7,3,1,0,2
2026-02-28,Liverpool,West Ham,6.0,5,9,9,6,7.0,5,8,8,5,5,4,1,0
2026-02-28,Newcastle,Everton,7.0,5,3,6,12,5.0,5,5,5,6,5,1,2,2
2026-02-28,Leeds,Man City,7.0,5,6,7,9,7.0,5,13,11,4,3,0,0,3
2026-03-01,Brighton,Nott'm Forest,8.0,5,4,4,5,7.0,5,5,4,5,5,3,1,1
2026-03-01,Fulham,Tottenham,7.0,5,6,8,10,7.0,5,2,6,12,5,3,1,1
2026-03-01,Man United,Crystal Palace,6.0,5,13,10,5,7.0,5,7,6,7,5,1,1,3
2026-03-01,Arsenal,Chelsea,7.0,5,11,14,4,8.0,5,11,12,7,5,2,3,0
2026-03-03,Bournemouth,Brentford,3.0,5,9,6,3,3.0,5,10,9,8,5,0,1,4
2026-03-03,Everton,Burnley,3.0,5,7,7,7,3.0,5,4,7,12,3,2,1,0
2026-03-03,Leeds,Sunderland,3.0,5,5,6,9,3.0,5,4,5,8,1,0,1,0
2026-03-03,Wolves,Liverpool,4.0,5,5,5,6,3.0,5,12,12,5,5,0,0,5
2026-03-04,Aston Villa,Chelsea,5.0,5,5,3,5,3.0,5,8,10,8,5,3,1,1
2026-03-04,Brighton,Arsenal,3.0,5,7,5,4,3.0,5,11,12,5,5,0,2,3
2026-03-04,Fulham,West Ham,3.0,5,6,8,10,4.0,5,5,7,9,5,3,1,1
2026-03-04,Man City,Nott'm Forest,4.0,5,13,10,4,3.0,5,2,3,7,5,4,0,1
2026-03-04,Newcastle,Man United,4.0,5,3,8,13,3.0,5,13,9,4,5,3,0,2
2026-03-05,Tottenham,Crystal Palace,4.0,5,1,5,12,4.0,5,7,6,6,5,3,0,2
2026-03-14,Burnley,Bournemouth,11.0,5,4,7,11,11.0,5,7,4,3,3,0,1,2
2026-03-14,Sunderland,Brighton,11.0,5,4,3,8,10.0,5,6,4,4,1,0,1,0
2026-03-14,Arsenal,Everton,10.0,5,11,10,5,11.0,5,9,8,6,5,3,2,0
2026-03-14,Chelsea,Newcastle,10.0,5,8,11,7,10.0,5,6,9,10,5,2,1,2
2026-03-14,West Ham,Man City,10.0,5,8,6,6,10.0,5,13,10,4,5,0,0,5
2026-03-15,Crystal Palace,Leeds,10.0,5,9,8,6,12.0,5,5,6,6,3,2,0,1
2026-03-15,Man United,Aston Villa,11.0,5,10,7,4,11.0,5,5,4,8,5,3,1,1
2026-03-15,Nott'm Forest,Fulham,11.0,5,2,4,8,11.0,5,6,6,8,5,1,0,4
2026-03-15,Liverpool,Tottenham,12.0,5,9,9,6,10.0,5,0,4,13,5,4,0,1
2026-03-16,Brentford,Wolves,13.0,5,8,8,8,13.0,5,8,6,4,5,3,1,1
2026-03-20,Bournemouth,Man United,6.0,5,7,3,2,5.0,5,10,8,5,5,2,3,0
2026-03-21,Brighton,Liverpool,7.0,5,9,5,3,6.0,5,10,9,5,5,1,1,3
2026-03-21,Fulham,Burnley,6.0,5,7,5,6,7.0,5,5,7,9,3,1,1,1
2026-03-21,Everton,Chelsea,7.0,5,6,6,7,7.0,5,5,8,7,5,1,1,3
2026-03-21,Leeds,Brentford,6.0,5,3,3,5,5.0,5,6,7,8,3,0,2,1
2026-03-22,Newcastle,Sunderland,8.0,5,9,8,7,8.0,5,4,3,6,1,0,0,1
2026-03-22,Aston Villa,West Ham,7.0,5,4,4,10,8.0,5,6,5,7,5,3,2,0
2026-03-22,Tottenham,Nott'm Forest,7.0,5,1,5,12,7.0,5,3,3,5,5,2,0,3
2026-04-10,West Ham,Wolves,19.0,5,5,4,8,25.0,5,8,8,6,5,3,0,2
2026-04-11,Arsenal,Bournemouth,28.0,5,13,11,4,22.0,5,5,3,3,5,3,0,2
2026-04-11,Brentford,Everton,21.0,5,6,6,7,21.0,5,9,8,5,5,1,2,2
2026-04-11,Burnley,Brighton,21.0,5,2,5,10,21.0,5,12,7,3,3,0,2,1
2026-04-11,Liverpool,Fulham,21.0,5,7,9,7,21.0,5,10,8,4,5,2,2,1
2026-04-12,Crystal Palace,Newcastle,28.0,5,7,7,6,21.0,5,6,7,8,5,1,1,3
2026-04-12,Nott'm Forest,Aston Villa,21.0,5,5,6,5,21.0,5,4,5,10,5,2,0,3
2026-04-12,Sunderland,Tottenham,21.0,5,7,5,6,21.0,5,1,4,13,1,0,1,0
2026-04-12,Chelsea,Man City,22.0,5,4,6,8,29.0,5,11,9,4,5,0,3,2
2026-04-13,Man United,Leeds,24.0,5,10,9,6,23.0,5,3,1,3,3,1,2,0
2026-04-18,Brentford,Fulham,7.0,5,7,8,7,7.0,5,7,5,5,5,1,1,3
2026-04-18,Leeds,Wolves,5.0,5,5,2,3,8.0,5,7,6,8,3,3,0,0
2026-04-18,Newcastle,Bournemouth,6.0,5,6,7,8,7.0,5,7,5,4,5,0,3,2
2026-04-18,Tottenham,Brighton,6.0,5,1,3,10,7.0,5,12,7,3,5,1,1,3
2026-04-18,Chelsea,Man United,6.0,5,3,5,10,5.0,5,7,9,8,5,2,1,2
2026-04-19,Aston Villa,Sunderland,7.0,5,4,5,10,7.0,5,10,5,3,1,0,1,0
2026-04-19,Everton,Liverpool,8.0,5,10,10,6,8.0,5,7,10,7,5,1,1,3
2026-04-19,Nott'm Forest,Burnley,7.0,5,6,7,5,8.0,5,1,4,11,3,1,2,0
2026-04-19,Man City,Arsenal,7.0,5,11,9,4,8.0,5,12,10,4,5,0,3,2
2026-04-20,Crystal Palace,West Ham,8.0,5,10,7,4,10.0,5,7,8,8,5,3,1,1
2026-04-21,Brighton,Chelsea,3.0,5,10,7,4,3.0,5,3,4,9,5,2,0,3
2026-04-22,Bournemouth,Leeds,4.0,5,9,6,4,4.0,5,8,5,2,3,1,1,1
2026-04-22,Burnley,Man City,3.0,5,1,2,11,3.0,5,11,9,4,3,0,0,3
2026-04-24,Sunderland,Nott'm Forest,5.0,5,9,7,6,5.0,5,9,10,4,1,1,0,0
2026-04-25,Fulham,Aston Villa,7.0,5,5,3,4,6.0,5,7,9,11,5,0,0,5
2026-04-25,Liverpool,Crystal Palace,6.0,5,7,7,6,5.0,5,8,6,4,5,2,1,2
2026-04-25,West Ham,Everton,5.0,5,8,6,3,6.0,5,7,8,6,5,1,3,1
2026-04-25,Wolves,Tottenham,7.0,5,7,6,10,7.0,5,2,4,10,5,3,2,0
2026-04-25,Arsenal,Newcastle,6.0,5,9,7,5,7.0,5,6,6,7,5,3,0,2
2026-04-27,Man United,Brentford,9.0,5,7,8,7,9.0,5,5,4,4,5,2,1,2
2026-05-01,Leeds,Burnley,9.0,5,9,7,3,9.0,5,1,2,10,1,0,0,1
2026-05-02,Brentford,West Ham,5.0,5,4,5,6,7.0,5,8,7,4,5,3,1,1
2026-05-02,Newcastle,Brighton,7.0,5,3,4,7,11.0,5,13,10,3,5,0,2,3
2026-05-02,Wolves,Sunderland,7.0,5,4,4,11,8.0,5,6,6,11,1,0,0,1
2026-05-02,Arsenal,Fulham,7.0,5,9,6,4,7.0,5,8,4,3,5,2,2,1
2026-05-03,Bournemouth,Crystal Palace,11.0,5,9,8,6,8.0,5,8,6,5,5,2,3,0
2026-05-03,Man United,Liverpool,6.0,5,10,9,6,8.0,5,10,9,5,5,1,3,1
2026-05-03,Aston Villa,Tottenham,8.0,5,7,8,8,8.0,5,5,4,7,5,3,0,2
2026-05-04,Chelsea,Nott'm Forest,13.0,5,0,0,11,10.0,5,11,13,2,5,3,1,1
2026-05-04,Everton,Man City,9.0,5,4,7,8,12.0,5,11,9,4,5,0,1,4
2026-05-09,Liverpool,Chelsea,6.0,5,9,10,7,5.0,5,0,1,13,5,2,1,2
2026-05-09,Brighton,Wolves,7.0,5,10,10,6,7.0,5,2,3,11,5,2,3,0
2026-05-09,Fulham,Bournemouth,7.0,5,7,4,6,6.0,5,11,11,6,5,1,1,3
2026-05-09,Sunderland,Man United,7.0,5,7,7,11,6.0,5,10,9,7,1,0,0,1
2026-05-09,Man City,Brentford,5.0,5,11,10,5,7.0,5,6,6,4,5,4,1,0
2026-05-10,Burnley,Aston Villa,9.0,5,0,3,13,7.0,5,7,8,7,3,0,0,3
2026-05-10,Crystal Palace,Everton,7.0,5,5,3,7,6.0,5,5,10,9,5,0,1,4
2026-05-10,Nott'm Forest,Newcastle,6.0,5,13,16,3,8.0,5,3,6,8,5,1,0,4
2026-05-10,West Ham,Arsenal,8.0,5,7,6,6,8.0,5,9,8,4,5,2,0,3
2026-05-11,Tottenham,Leeds,8.0,5,7,5,7,10.0,5,11,10,4,3,3,0,0
2026-05-13,Man City,Crystal Palace,4.0,5,13,12,4,3.0,5,5,5,9,5,3,2,0
2026-05-15,Aston Villa,Liverpool,5.0,5,5,8,9,6.0,5,10,10,6,5,0,2,3
2026-05-17,Man United,Nott'm Forest,8.0,5,10,7,5,7.0,5,11,14,4,5,1,1,3
2026-05-17,Brentford,Crystal Palace,8.0,5,5,6,7,4.0,5,2,3,11,5,2,1,2
2026-05-17,Everton,Sunderland,7.0,5,3,9,11,8.0,5,5,5,10,1,0,1,0
2026-05-17,Leeds,Brighton,6.0,5,11,11,5,8.0,5,10,11,5,3,0,1,2
2026-05-17,Wolves,Fulham,8.0,5,1,1,12,8.0,5,4,1,6,5,2,0,3
2026-05-17,Newcastle,West Ham,7.0,5,4,6,7,7.0,5,7,6,5,5,2,1,2
2026-05-18,Arsenal,Burnley,8.0,5,9,7,4,8.0,5,1,4,12,3,3,0,0
2026-05-19,Bournemouth,Man City,10.0,5,13,10,4,6.0,5,13,12,4,5,1,0,4
2026-05-19,Chelsea,Tottenham,10.0,5,1,2,11,8.0,5,8,6,5,5,5,0,0
2026-05-24,Brighton,Man United,7.0,5,7,9,6,7.0,5,13,9,5,5,3,0,2
2026-05-24,Burnley,Wolves,6.0,5,1,4,11,7.0,5,2,2,9,3,1,1,1
2026-05-24,Crystal Palace,Arsenal,7.0,5,2,5,13,6.0,5,12,7,2,5,0,1,4
2026-05-24,Fulham,Newcastle,7.0,5,5,2,5,7.0,5,7,8,6,5,2,0,3
2026-05-24,Liverpool,Brentford,9.0,5,7,10,10,7.0,5,5,6,7,5,4,0,1
2026-05-24,Man City,Aston Villa,5.0,5,11,11,4,9.0,5,7,11,10,5,2,0,3
2026-05-24,Nott'm Forest,Bournemouth,7.0,5,10,15,6,5.0,5,11,9,4,5,0,2,3
2026-05-24,Sunderland,Chelsea,7.0,5,5,7,11,5.0,5,4,4,9,1,1,0,0
2026-05-24,Tottenham,Everton,5.0,5,8,7,6,7.0,5,2,8,12,5,3,1,1
2026-05-24,West Ham,Leeds,7.0,5,4,3,8,7.0,5,11,10,4,3,1,1,1
